Food_ID,Name,C_Type,Veg_Non,Describe,Image_URL
1,summer squash salad,Healthy Food,veg,"white balsamic vinegar, lemon juice, lemon rind, red chillies, garlic cloves (crushed), olive oil, summer squash (zucchini), sea salt, black pepper, basil leaves",https://kalejunkie.com/wp-content/uploads/2023/07/KALEJUNKIE-ZUCCINI-SQUASH-SALAD-2.jpg
2,chicken minced salad,Healthy Food,non-veg,"olive oil, chicken mince, garlic (minced), onion, salt, black pepper, carrot, cabbage, green onions, sweet chilli sauce, peanut butter, ginger, soy sauce, fresh cilantro, red pepper flakes (crushed), tarts",https://www.mythaicurry.com/cdn/shop/articles/laab_kai_presentation_900_px_2048x.jpg?v=1570205592
3,sweet chilli almonds,Snack,veg,"almonds whole, egg white, curry leaves, salt, sugar (fine grain), red chilli powder",https://www.foodnetwork.com/content/dam/images/food/fullset/2015/11/12/3/WU1203H_Sweet-Spicy-Roasted-Almonds_s4x3.jpg
4,tricolour salad,Healthy Food,veg,"vinegar, honey/sugar, soy sauce, salt, garlic cloves (minced), chilli pepper (sliced), green papaya, carrot (peeled), cucumbers, mint leaves, toasted peanuts",https://i.ytimg.com/vi/Q4IC2vzdJfc/maxresdefault.jpg
5,christmas cake,Dessert,veg,"christmas dry fruits (pre-soaked), orange zest, lemon zest, jaggery syrup, almond flour, apple, butter (softened), eggs",https://curlygirlkitchen.com/wp-content/uploads/2020/11/Santas-Workshop-Christmas-Cake-002.jpg
6,japanese curry arancini with barley salsa,Japanese,veg,"japanese curry, sticky rice, cheese inside rice, barley salsa, wasabi mayo, red capsicum cube (cut), yellow capsicum cube (cut), green capsicum cube (cut), green chili, barley, butter, white pepper, light soya, salt",https://c.ndtvimg.com/2018-12/2g5n48k_japanese_625x300_11_December_18.jpg
7,chocolate nero cookies,Dessert,veg,"almonds, eggs, granulated sugar, bittersweet chocolate, unsalted butter, flour, baking powder, castor sugar, icing sugar",https://m.media-amazon.com/images/I/410HVXGbBML.jpg
8,lamb and chargrilled bell pepper soup,Healthy Food,non-veg,"lamb bones (preferably shank and shoulder), onions, celery, ginger, garlic, carrot, chargrilled red/yellow/green bell peppers (quartered), whole spices mix (black pepper, cinnamon, cardamom, clove, bay leaf), salt, water (warm), oil (sunflower or olive",https://c.ndtvimg.com/2018-11/knhjgfu8_soup_625x300_27_November_18.jpg
9,cream of almond soup,Healthy Food,veg,"vegetable stock, skimmed milk, toasted almonds (powdered), butter, flour, salt and pepper, nutmeg, almond essence, toasted almond flakes",https://www.veganfamilyrecipes.com/wp-content/uploads/2018/02/Creamy-Almond-Soup.jpg
10,broccoli and almond soup,Healthy Food,veg,"vegetable stock, broccoli, ground almonds (toasted), skimmed milk, salt, freshly ground black pepper",https://goodnessavenue.com/wp-content/uploads/2022/03/broccoli-almond-soup-crop.jpg
11,coconut lime quinoa salad,Healthy Food,veg,"uncooked quinoa, water, red onion, cucumber (diced), purple cabbage, avocado (ripened and diced), orange, shelled edamame (defrosted), unsweetened toasted coconut flakes, almonds, few shakes of black pepper, for the dressing:, orange juice, lime (juiced), apple cider vinegar, olive oil",https://thedomesticgeek.com/wp-content/uploads/2021/11/Coconut-Lime-Quinoa-Salad-Square-Image-720x720.jpg
12,lemon honey glazed sous vide corn on the cob,Snack,non-veg,"young corn on the cob, honey, lemon juice, garlic cloves (smashed), celery stalk, chives, carrot, salt, paprika powder, parsley, plastic bag, food thermometer",https://c.ndtvimg.com/2018-11/om5bsnoo_corn_625x300_23_November_18.jpg
13,watermelon and strawberry smoothie,Healthy Food,veg,"fresh strawberries, honey, low fat yogurt, watermelon, chia seeds",https://www.eatingwell.com/thmb/5CM632XWtZI7QOBh7TMif3guv3g=/1500x0/filters:no_upscale():max_bytes(150000):strip_icc()/3759445-4c6e2749e9ec4b16883b7fd30d08c694.jpg
14,"peach, raspberry and nuts smoothie",Healthy Food,veg,"fresh raspberries, ripe banana, almond, fresh peach slices, low fat yogurt, fresh raspberry, peach fruit slices, almonds",https://c.ndtvimg.com/2018-11/dug1l5eg_smoothie-bowl_625x300_15_November_18.jpg
15,almond and cranberry poha,Indian,veg,"almond flakes, onion, poha, cranberries (frozen/ dried), salt, oil, curry leaves, green chilies, fresh coconut",https://c.ndtvimg.com/2018-10/hrc1tic_poha_625x300_30_October_18.jpg
16,almond and raw banana galawat,Indian,veg,"almond slivers, raw banana (boiled), almond paste, cooking cream, refined oil, mace powder, cardamom powder , ginger garlic paste, garam masala powder, red chilli powder, salt, tempura batter",https://www.almonds.in/sites/default/files/2020-08/Almond%20and%20Raw%20Banana%20Galawat%201.jpg
17,baked namakpara with roasted almond dip,Snack,veg,"almonds (crushed), tomato, garlic cloves, basil sprig, lemon, salt, pepper, for namak para:, refined flour, sugar, salt, olive oil, water",https://c.ndtvimg.com/2018-10/15bq8n98_almond-dip-and-baked-namakpara_625x300_30_October_18.jpg
18,grilled almond barfi,Dessert,veg,"khoya, sweetener (optional), almonds (crushed)",https://c.ndtvimg.com/2020-07/sj5h5e08_green-barfi_625x300_24_July_20.jpg
19,baked shankarpali,Snack,veg,"whole wheat flour (atta), refined flour (maida), garlic cloves (crushed), salt, red chilli powder, chaat masala, cumin powder, tomato puree, ghee",https://www.vegrecipesofindia.com/wp-content/uploads/2021/10/baked-shankarpali-1.jpg
20,baked multigrain murukku,Snack,veg,"oats, ragi flour (bhakri atta), wheat flour, rice flour, urad dal flour (dry roast and grind the dal to a fine powder), cumin seeds, green chillies, ginger, salt, oil",https://subbucooks.com/wp-content/uploads/2018/11/IMG_20181127_105712__01.jpg
21,apple rabdi,Dessert,veg,"apples, milk, sugar, green cardamoms, almonds (blanched), pistachios (blanched)",https://static.toiimg.com/thumb/53974290.cms?imgsize=141946&width=800&height=800
22,baked namak para,Snack,veg,"whole wheat flour (atta), refined flour (maida), baking powder, ghee, salt, carom seeds (ajwain)",https://www.enhanceyourpalate.com/wp-content/uploads/Baked-Namak-Para-%E2%80%93-Healthy-and-Crispy.jpg
23,dates and nuts ladoo,Dessert,veg,"dates (pitted), mixed nuts (almonds, cashews, walnuts, pistachios, peanuts), dessicated coconut (optional)",https://hebbarskitchen.com/wp-content/uploads/mainPhotos/dates-ladoo-recipe-khajur-laduu-recipe-dates-nuts-laddu-recipe-1.jpeg
24,green lentil dessert fudge,Dessert,veg,"whole moong beans, cow ghee, raisins, whole milk, jaggery (organic), ground cardamom, almonds (halved)",https://c.ndtvimg.com/ho78jtto_fudge_625x300_25_July_18.jpg
25,cashew nut cookies,Dessert,veg,"cashew paste, ghee, khaand (a sweetening agent and a healthier substitute of sugar), flax or chia seeds, plain yogurt, baking soda, baking powder, vanilla, oats, organic all-purpose flour",https://whattocooktoday.com/wp-content/uploads/2021/01/cashew-cookies-16.jpg
26,almond pearls,Snack,veg,"toasted almonds, blueberries, oats, corn flakes, olive oil, salt, curry leaves, mustard seeds, cumin seeds, red chilli powder, turmeric powder, black pepper powder, ajwain, lemon juice",https://i.etsystatic.com/26547178/r/il/740c67/3753753647/il_570xN.3753753647_94fn.jpg
27,hawaiin papaya salad,Healthy Food,veg,"papaya, fresh lime (juiced), watermelon balls or small squares (seedless), fresh pineapple chunks, coconut (unsweetened), vanilla flavoured yogurt (low fat)",https://images.squarespace-cdn.com/content/v1/5693da05e0327c8c423876ce/1527449119277-AMFSDYF4LNM82D9YDIRY/IMG_5519.JPG
28,vegetable som tam salad,Healthy Food,veg,"raw papaya, carrot, french bean diamond, cherry tomato, garlic, crush mix chilli, somtam dressing, peanuts (crushed), peanuts",https://www.allrecipes.com/thmb/dGUxVcAkDO91Cstmjdiux0cW-Ow=/1500x0/filters:no_upscale():max_bytes(150000):strip_icc()/Som-Tam-Malakor-Green-Papaya-Salad-2000-ec87b4dcd85041c991d11ec6a1ab5f30.jpg
29,spinach and feta crepes,French,veg,"milk (whole fat or skimmed), flour, water, butter, honey, salt, vegetable oil, extra butter (for crisping the crepe), spinach, feta cheese (crumbled), greek yogurt (whisked), honey",https://www.seriouseats.com/thmb/u6izWie8gYmWwl9RhmEygEyH1wA=/1500x0/filters:no_upscale():max_bytes(150000):strip_icc()/__opt__aboutcom__coeus__resources__content_migration__serious_eats__seriouseats.com__recipes__images__2017__02__20170206-spinach-egg-cheese-crepe-15-b6ac885d062e4867a31572a223069162.jpg
30,couscous with ratatouille - tangy tomato sauce,French,veg,"for the cous cous:, plain couscous, extra virgin olive oil, vegetable stock, herbs (basil, parsley, thyme, cilantro work best), for the ratatouille:, olive oil (regular not extra virgin), red onions, aubergines (cut in to 3 cm cubes), zucchini (cut in to 3 cm cubes), garlic cloves, ground cumin, sweet paprika, tomato paste, salt",https://c.ndtvimg.com/8k7d9s48_couscous_625x300_30_August_18.jpg
31,baked almond kofta,Snack,veg,"potato (boiled), nutmeg, milk, almonds (crushed), green onions, refined flour, egg, salt, pepper, eggs, refined flour (for rolling), dried breadcrumbs (for rolling)",https://www.almonds.in/sites/default/files/2020-07/Baked%20Almond%20Kofta%20.jpg
32,almond and amaranth ladoo,Dessert,veg,"popped amaranth seeds, jaggery, almonds (slivered, unpeeled)",https://c.ndtvimg.com/mmg28dt_ladoo_625x300_22_August_18.jpg
33,moong dal kiwi coconut soup,Indian,veg,"green gram (dhuli moong dal), kiwis, coconut cream, oil, bay leaves, cumin seeds, coriander seeds, black peppercorns, garlic cloves, medium onion, carrot, turmeric powder, curry powder, salt, fresh coriander sprigs",https://img-cdn.thepublive.com/fit-in/1200x675/filters:format(webp)/sanjeev-kapoor/media/post_banners/a55b10b708e4e05df5e2a52761a8a03faf8852d7555e6d5f4f82fecafc48c8fd.jpg
34,mixed berry & banana smoothie,Healthy Food,veg,"Frozen mixed berries, ripped banana,fresh orange juice, low fat curd",https://food.fnr.sndimg.com/content/dam/images/food/fullset/2013/12/12/0/fnk_mixed-berries-and-banana-smoothie_s4x3.jpg.rend.hgtvcom.1280.1280.suffix/1386935601342.webp
35,banana walnut smoothie,Healthy Food,veg,"Low Fat Yogurt, Banana, Walnuts, Seeds (Facseeds and Chia Seeds), Honey",https://walnuts.org/wp-content/uploads/2017/09/995726c46cabe99-9EA50679-D26F-491A-931085A2F04EB105.jpg
36,spicy watermelon soup,Healthy Food,veg,"Watermelon, ginger-garlic paste, peppermint, chili flakes, olive oil (to cook)",https://www.thepeppercook.com/wp-content/uploads/2020/05/watermelongazpachoindex-1.1-scaled.jpg
37,red rice poha,Indian,veg,"Onion, Pepper, Button Mushroom, Wild Mushroom, White Wine, Tomato, Sage Leaf, Red Poha, Truffle Oil, Rosemary",https://www.kannammacooks.com/wp-content/uploads/red-rice-poha-recipe-healthy-whole-grain-4.jpg
38,mixed salad with lotus root,Healthy Food,veg,"Iceberg Lattoos, Lolo Rosso, Endive Lettuce, Red Cabbage, Lotus Root, Kaddu, Yam Beans, Small Onions, Pomegranate, Chalet Oil, Pomelo, Lemongrass Sauce",https://tiffanyangela.com/wp-content/uploads/2022/05/Lotus-Salad-1-scaled.jpg
39,sweet potato and quinoa bowl,Healthy Food,veg,"Sweet Potato Cubes, Coconut, Onion, Knoia (Ripe), Raisins, Cashew, Pepper Powder, Caen, Cassia, Salt",https://cdn.loveandlemons.com/wp-content/uploads/2015/11/IMG_2015_10_10_06241-cropped.jpg
40,corn and raw mango salad,Healthy Food,veg,"Corn kernels, onions, green onions, paprika, raw mango (pieces), celery stock (pieces), cherry tomatoes, pineapple (pieces), pasarley, green coriander, badge leaves, black olive, lemon juice, olive Oil, black salt, white pepper powder, taco shell",https://www.thepeppercook.com/wp-content/uploads/2016/03/Corn-Coconut-Raw-Mango-Salad-Index.jpg
41,khichdi,Indian,veg,"Quick cooking oats, peanuts, cumin, turmeric powder, red chilli powder, onion, tomatoes, carrots, green peas, ginger, green chillies, salt, extra virgin olive oil, water, coriander leaves",https://holycowvegan.net/wp-content/uploads/2014/06/masala-khichdi-featured-image.jpg
42,sugar free modak,Japanese,veg,"seedless dates, almonds, cashew nuts, walnuts, raisins, dry coconut, poppy seeds, ghee",https://flavourfulfoods.com/wp-content/uploads/2021/09/Sugar-free-moda-W.png
43,beetroot modak,Japanese,veg,"gram flour (besan), semolina (rava/sooji), beetroot colour or two oven cooked beetroot paste , water, oil (for frying), for sugar syrup:, sugar, water, cardamom powder, lemon juice, cashews (kaju)",https://images.squarespace-cdn.com/content/v1/60487208da599620d0a61a05/e21e0845-f6ef-4563-a413-41add2089c0b/Beetroot-Modak-2.jpg
44,andhra pan fried pomfret,Indian,veg,"white pomfret fish, sunflower refined ooil, red chilli powder, salt, turmeric powder, ginger-garlic paste, lemon (juiced), cumin powder, coriander powder, garam masala, green chilli, curry leaves, coriander",https://c.ndtvimg.com/2019-08/untdopi_pomfret_625x300_29_August_19.jpg
45,ghee roast chicken dosa quesadilla,Mexican,non-veg,"dry red chillies, coriander seeds, cumin seeds, fenugreek seeds, black pepper, clove, garlic, turmeric powder, boneless chicken, curd, lemon (juiced), for cooking chicken:, tamarind pulp, ginger (1 inch), garlic cloves, onion, tomato, ghee, red chilli powder, salt, crushed jaggery, dosa batter (for 4 dosas), processed cheese, ghee or oil (to crisp the dosa), coriander leaves, curry leaves (deep fried), curd, salt, zeera powder, sugar, red chilli powder",https://c.ndtvimg.com/2019-06/7obus2ig_ghee-roast-quesadilla-dosa_625x300_11_June_19.jpg
46,steam bunny chicken bao,Japanese,non-veg,"buns, all purpose white flour, dry yeast, sugar, salt, warm water, chicken mince, eggs, soy sauce, sugar, sesame oil, worcestershire sauce, chives, aromat powder",https://c.ndtvimg.com/2019-04/g2d92opo_chicken-bao_625x300_18_April_19.jpg
47,meat lovers pizza,Italian,non-veg,"millet flour, tapioca flour, soy milk, garlic powder, baking powder, salt, tomato sauce, mozzarella cheese, prosciutto, pepperoni, chicken salami, salami milano, rosemary, olive oil",https://www.thecookierookie.com/wp-content/uploads/2023/09/meat-lovers-pizza-recipe-3.jpg
48,almond and chicken momos (without shell),Chinese,non-veg,"chicken mince, garlic, carrots, spring onion, ginger, soya sauce, oyster sauce, sesame oil, pepper powder, egg, almonds (blanched), oil (for greasing)",https://img-global.cpcdn.com/recipes/a04d7886edacfd04/680x482cq70/almond-and-chicken-momos-without-shell-recipe-recipe-main-photo.jpg
49,christmas tree pizza,Italian,veg,"pizza dough (2 boules), red pepper, red onion, basil pesto (purchased, homemade or vegan pesto), mozzarella cheese, kosher salt",https://www.appetizeraddiction.com/wp-content/uploads/2023/12/christmas-tree-pizza-9.jpg
50,french pork chop,French,veg,"pork chop, pink pepper corn, green pepper corn, aromatic sauce, salt, black pepper, salted butter, refined oil, red cabbage, bell pepper chop, apricot, onion, red wine, ancho chilli, cayenne pepper, microgreen",https://imgstore.sndimg.com/magnolia/images/377cb171-c260-4ac5-a7c8-5e755bac2356.jpg
51,christmas chocolate fudge cookies,Dessert,veg,"unsalted butter, brown sugar, chocolate, chocolate chips, eggs, flour, cocoa powder, baking powder",https://www.theoriginaldish.com/wp-content/uploads/2019/12/Chocolate-Fudge-Crinkle-Cookies-1-683x1024.jpg
52,chicken parmigiana with tomato sauce,Italian,non-veg,"for chicken parmigiana:, chicken breast, egg whole frozen, flour, planko bread crumbs, fresh italian parsley, vegetable oil, solid butter unsalted, tomato sauce, mozzarella cheese, italian parmesan cheese, thyme, for pepperonata:, red pepper, green pepper, yellow pepper, red onion, fresh tomato, butternut squash, garlic, pure olive oil, vegetable oil, black pepper corn (crushed), salt, parsley, for garnishing:, parsley sprig, spinach",https://images.food52.com/bUh9vsduwDwsDFtsGQv7DAsV1dU=/1200x900/851182c1-6318-46e7-82ad-e6ca827b5664--2020-0716_chicken-parm-for-one_3x2_ty-mecham.jpg
53,chocolate appe,Snack,veg,"rice, coconut, baking powder, vanilla extract, cinnamon powder, brown sugar, unsweetened cocoa powder, salt, chocolate chips, butter",https://www.cookwithkushi.com/wp-content/uploads/2016/08/Easy_mini_choco_lava_cake_appe_paniyaram-500x375.jpg
54,sous-vide salmon tikka,French,non-veg,"norwegian salmon, black garlic pickle, butter, butchery bag, smoked yogurt, home made prawn crisp, edible flower, salt",https://c.ndtvimg.com/2018-11/a4e5k52o_tikka_625x300_22_November_18.jpg
55,filo pizza,Italian,veg,"filo pastry, himalayan salt, black pepper, salted butter, tomato sauce, broccoli, button mushroom, green zucchini, yellow zucchini, capsicum yellow, capsicum green, capsicum red, pizza spice mix, mozzarella cheese",https://www.themediterraneandish.com/wp-content/uploads/2022/06/phyllo-dough-pizza-6.jpg
56,chocolate samosa,Snack,veg,"refined flour, desi ghee, black cardamom seeds, chocolate block, almonds, cashew nuts, pistachio, sugar, garam masala powder, oil",https://www.sanjanafeasts.co.uk/wp-content/uploads/2022/02/how-to-make-chocolate-samosa-683x1024.jpg.webp
57,fish with jamun sauce,Indian,non-veg,"jamun, sugar, chilli, garlic cloves (minced), cumin (powdered), fish fillet (pomfret (or any white fish), semolina, salt, wilted spinach",https://i.ndtvimg.com/i/2018-02/fish_620x350_81519647645.jpg
58,dahi lasooni chicken,Indian,non-veg,"chicken (boneless, cube size), chesse, garlic, ginger garlic paste, coriander, green chilli paste, cream (fresh), curd, kaju paste, salt, black salt , garam masala, chaat masala, butter",https://img-global.cpcdn.com/recipes/7ea0f546986501f0/400x400cq70/photo.jpg
59,pesto fish kebabs,Indian,non-veg,"King fish cut into one inch pieces, paprika cut into one inch pieces, bezel pasto, white wine vinegar, salt, cooking spray",https://food.fnr.sndimg.com/content/dam/images/food/fullset/2016/6/12/2/FNM070116_Swordfish-Kebabs-with-Mint-Pesto-recipe_s4x3.jpg.rend.hgtvcom.616.462.suffix/1465853130695.webp
60,caramelized sesame smoked almonds,Snack,veg,"red lentils or masoor dal (half-boiled), potato (grated), carrot, french beans, bread slices, ground chickpea flour (sattu), green chillies, ginger, onions, garlic (minced), salt, sugar, chaat masala, red chilli powder, garam masala, corn flour, besan, bread crumbs for crunchyness, coriander, refined oil (for fryingp)",https://static.toiimg.com/thumb/53613283.cms?imgsize=155679&width=800&height=800
61,crunchy vegetable dal sattu croquettes,Italian,veg,"red lentils or masoor dal (half-boiled), potato (grated), carrot, french beans, bread slices, ground chickpea flour (sattu), green chillies, ginger, onions, garlic (minced), salt, sugar, chaat masala, red chilli powder, garam masala, corn flour, besan, bread crumbs for crunchyness, coriander, refined oil (for fryingp)",https://c.ndtvimg.com/2019-10/f2n8o23g_croquettes_625x300_04_October_19.jpg
62,active charcoal modak,Japanese,veg,"for modak:, gram flour (besan), semolina (rava/suji), active charcoal, water, oil (for frying), sugar, water, cardamom powder, lemon juice, cashews (kaju)",https://c.ndtvimg.com/2019-09/tnp4dcao_modak_625x300_06_September_19.jpg
63,flax seed and beetroot modak,Japanese,veg,"rice flour, salt, oil (for greasing), beetroot puree, tossed flax seeds (for topping), fresh coconut, jaggery, poppy seeds, green cardamom powder, nutmeg powder",https://c.ndtvimg.com/2020-08/f2br5k7g_modak_625x300_19_August_20.jpg
64,chocolate prunes gujiyas,Japanese,veg,"for gujiya pastry:, refined flour, ghee, water, salt, for gujiya stuffing:, dark chocolate, prunes, mawa, sugar, cardamom",https://c.ndtvimg.com/2019-03/mo2pqhn_gujiya_625x300_20_March_19.jpg
65,almond  white chocolate gujiya,Japanese,veg,"all-purpose flour, clarified butter (ghee), water, white chocolate, dessicated coconut, green cardamom powder, almond, jaggery",https://c.ndtvimg.com/2019-03/1a4rd23o_gujiya_625x300_18_March_19.jpg
66,betel nut popsicle,Dessert,veg,"full cream milk, cream, mascarpone, sugar, paan (crushed), cookie crumble, dark chocolate (melted), caramel sauce",https://c.ndtvimg.com/2019-02/m6jgk1a_popsicle_625x300_13_February_19.jpg
67,clotted cottage cheese croquettes,Italian,veg,"black pepper, black salt, bread crumb, corn flour, refined oil, jalapeno, jeera powder, maida, cottage cheese, parsley, salt, for thousand island dressing:, mayonnaise, tomato ketchup, minced garlic, celery, black pepper",https://c.ndtvimg.com/2018-12/e313p79_croquettes_625x300_24_December_18.jpg
68,gajar tart,French,veg,"white butter, breakfast sugar, milk full fat, refined flour, winter carrots, ghee, sugar, khoya, cardamom powder, cashew nuts (crushed), almonds (crushed), full fat milk, full fat milk, grain sugar, green cardamom powder",https://i0.wp.com/www.happyandharried.com/wp-content/uploads/2016/02/Carrot-Halwa-Tarts-Indian-Carrot-Pudding-Tarts.jpg
69,banana and maple ice lollies,Dessert,veg,"Banana, Greek yogurt, heavy cream, pure maple syrup, coconut",https://c.ndtvimg.com/2018-10/de218cbg_banana-lollies_625x300_12_October_18.jpg
70,shepherds salad (tamatar-kheera salaad),Healthy Food,veg,"1 cucumber peeled and chopped, onion, tomato, green chillies, garlic buds, pasarley, olive oil, lemon juice, salt and pepper",https://i.ndtvimg.com/i/2018-04/salad_620x330_81522911703.jpg
71,carrot ginger soup,Healthy Food,veg,"Carrots, Olive Oil, Salt, Vegetable Stock, Ginger, Thyme, Onion, Garlic Buds, Pepper (Freshly Picked)",https://i2.wp.com/www.downshiftology.com/wp-content/uploads/2019/10/Carrot-Ginger-Soup-main.jpg
72,dark night,Beverage,veg,"whisky, honey, cinnamon, star anise, cloves, green apple",https://images.fineartamerica.com/images/artworkimages/mediumlarge/2/dark-night-delobbocom.jpg
73,hot chocolate,Beverage,veg,"milk, chocolate, cocoa powder, powdered sugar, cinnamon, vanilla",https://sallysbakingaddiction.com/wp-content/uploads/2016/11/homemade-hot-chocolate-slow-cooker.jpg
74,slow cooked spiced sangria,Mexican,veg,"red wine (merlot / zinfandel), apple cider, honey, orange (zested and juiced), cloves (whole), green cardamom, cinnamon sticks, anise (whole), brandy",https://getcrocked.b-cdn.net/wp-content/uploads/2013/11/Spiced-Sangria-edited-NEW-Web.jpg
75,detox haldi tea,Beverage,veg,"haldi, ginger, black pepper, honey, water",https://www.bigbasket.com/media/uploads/recipe/w-l/2557_1_1.jpg
76,holi special ice tea thandai,Beverage,veg,"ground white pepper (kali mirch), assam tea bags, almonds (badam) - coarsley crushed, poppy seeds (khus-khus), fennel seeds (saunf) (crushed coarsely), cardamom (elaichi) powder, ground sugar, saffron (kesar) strands",https://i.ndtvimg.com/i/2017-12/iced-teas-have-high-sugar-content_650x400_61513250118.jpg
77,grilled lemon margarita,Beverage,veg,"vanilla infused tequila, vanilla liqueur, lemon juice, lemon, lemon",https://anerdcooks.com/wp-content/uploads/2019/03/grilled_mezcal_margaritas4-500x500.jpg
78,spanish artichoke and spinach dip,Mexican,veg,"spinach, onion, cream, garlic, nutmeg, salt, lime juice, artichoke hearts (cubed), polenta, refined flour, salt, water, butter, flour, salt, pepper (freshly ground)",https://www.cookingclassy.com/wp-content/uploads/2018/12/spinach-artichoke-dip-13.jpg
79,beetroot and green apple soup,Healthy Food,veg,"beetroots, green apple, onion, olive oil, salt, black peppercorns (crushed), butter, vegetable stock, mixed dried herbs, fresh cream, lemon juice, parsley sprigs, red chilli flakes, soup sticks as required",https://www.foodandwine.com/thmb/DIdj-OqV4A1tcWqRwVBs65iC-oo=/1500x0/filters:no_upscale():max_bytes(150000):strip_icc()/recipe0815-xl-chilled-beet-and-green-apple-bisque-2000-0e1f270190c042dbad6aa8fb0417806a.jpg
80,baba budan no. 7,Beverage,veg,"rum, espresso, sugar syrup/gur (jaggery) syrup, green cardamom pod,",https://i.ndtvimg.com/i/2018-01/coffee_620x350_51515411556.jpg
81,fruit infused tea,Beverage,veg,"chamomile tea bags, orange, berries, blueberries, ginger, mint leaves, boiling water",https://amealinmind.com/wp-content/uploads/2019/07/Fruit-Infused-Herbal-Tea-Inst.jpg
82,soya milk,Beverage,veg,"Soybean, hot water","https://images.immediate.co.uk/production/volatile/sites/30/2023/12/soy-milk-and-beans-2c1e109.jpg?quality=90&resize=440,400"
83,spiced coffee,Beverage,veg,"Freshly ground coffee, cardamom powder, ginger, milk, sugar, cream, chocolate","https://hips.hearstapps.com/hmg-prod/images/white-spiced-coffee-1636407084.jpg?crop=1.00xw:0.753xh;0,0.0297xh&resize=1200:*"
84,filter coffee,Beverage,veg,"Coffee powder, water, milk, sugar",https://www.sharmispassions.com/wp-content/uploads/2012/01/filter-coffee-recipe8-500x375.jpg
85,garlic and pinenut soup with burnt butter essence,French,veg,"garlic cloves, almonds (whole), parsley, bayleaf, chicken broth, nutmeg, egg yolk, heavy cream, white bread slices, butter, salt, pepper, white wine",https://c.ndtvimg.com/2019-02/o4r3dnig_soup_625x300_14_February_19.jpg
86,roast turkey with cranberry sauce,Healthy Food,non-veg,"whole turkey, butter, onion, celery, crumbled sage and thyme , salt and pepper, garlic minced, balsamic vinegar, sugar, cranberry",https://media.blueapron.com/culinary/recipe/2017/wide_image/c87c2b4f81bacf89b90346564d1065d6.jpg
87,roasted spring chicken with root veggies,Healthy Food,non-veg,"whole chicken, thyme, garlic, lemon, orange, salt, black pepper, butter (to rub), extra olive oil, carrot, turnip, beetroot, chipotle powder, parsley",https://www.foodandwine.com/thmb/rF0I9AM7nbhEAOo2cJ03lurr0dE=/1500x0/filters:no_upscale():max_bytes(150000):strip_icc()/quick-skillet-roasted-chicken-with-spring-vegetables-FT-RECIPE0421-c0642d88cc6a4e8186b854308ae92c8f.jpg
88,peri peri chicken satay,Snack,non-veg,"boneless skinless chicken thigh (trimmed), salt and pepper, yogurt, chilli powder, ginger garlic paste, coriander leaves, oil to fry, peri peri sauce, potato fries",https://www.closetcooking.com/wp-content/uploads/2020/08/Peri-Peri-Grilled-Chicken-Skewers-1200-5371.jpg
89,chicken popcorn,Chinese,non-veg,"chicken (boneless), corn flour or all purpose flour, egg, bread crumbs, salt, ginger garlic paste, black pepper, onion powder (optional), red chilli powder or paprika or cayenne pepper, oil for deep frying",https://thecozycook.com/wp-content/uploads/2023/02/Popcorn-Chicken-f.jpg
90,half roast chicken,Healthy Food,non-veg,"cooking oil, whole chicken (skin on- rinsed and dressed), onions (quartered- skin on), garlic (halved - skin on), carrots (roughly quartered), celery , thyme, dunkleweizen (pour into a glass and keep open at room temperature for an hour or two to make flat), chicken stock, butter, sea salt",https://www.craftbeering.com/wp-content/uploads/2024/09/Roasted-Half-Chicken-Featured.jpg
91,chicken biryani,Indian,non-veg,"malabar peppercorn, cinnamon stick, green cardamom pods, star anise, cloves, fennel seeds, vermicelli, desi ghee, shahi jeera, bay leaves, green chilli, mint leaves, onion, saffron, garlic paste, salt, chicken (dark meat), ginger paste, turmeric powder, coriander powder, red chilli powder, roma tomatoes (de-seedeed), water",https://pipingpotcurry.com/wp-content/uploads/2024/04/Chicken-Biryani-Piping-Pot-Curry.jpg
92,chicken farcha,Indian,non-veg,"boneless chicken thigh (without skin), lemon juice, garlic paste, ginger paste, red chilli powder, coriander powder, garam masala, black pepper (crushed), salt, bread crumbs / semolina, eggs, red chilli powder, oil",https://www.thespruceeats.com/thmb/YBLgh1siJc3lbIC6pkdPCD4BuJo=/1500x0/filters:no_upscale():max_bytes(150000):strip_icc()/chickenfarcha-56a5109f3df78cf772862bf5.jpg
93,buldak (hot and spicy chicken),Japanese,non-veg,"chicken drum sticks/ chicken breast, soy sauce, sugar, traditional corn syrup (substitution honey), cheong ju (clear rice wine similar to japanese sake), green onion, black pepper, olive oil, sesame seeds (optional), for marinating sauce:, gochugaru (red chili pepper flakes), alapenos, korean pear (substitution asian pear), onion, garlic, soy sauce, spicy yellow mustard, sesame oil, sugar, mul yut (substitution honey)","https://m.media-amazon.com/images/I/71YEgoPUreL._AC_UF894,1000_QL80_.jpg"
94,chicken sukka,Indian,non-veg,"chicken (small pieces), onion (thin slices), cardamom, salt, oil, coriander, cumin, mustard, pepper, cloves, cinnamon, bedki chillies, kashmiri chilies, turmeric, onion, garlic, ginger, salt",https://theyummydelights.com/wp-content/uploads/2021/11/mangalorean-chicken-sukka.jpg
95,steamed chicken roulade,French,non-veg,"lamb mince, garlic , salt, paprika powder, pomodaro tomatoes, olive oil, celery, shallots, carrot, black pepper, bay leaf, yellow chilli powder, cilantro, chicken thigh, salt, white pepper powder, garlic paste, white wine vinegar, olive oil, yellow chilli powder, refined oil, fenugreek seeds, white pepper powder, garlic, fenugreek leaves, onion, broken cashew, salt, fresh cream, kasoori methi",https://images.getrecipekit.com/20210830062215-steamed-chicken-rouladeswith-wauteed-spinach-and-mushrooms-hero.jpg?aspect_ratio=1:1&quality=90&
96,methi chicken masala,Indian,non-veg,"boneless chicken, lemon juice, red chilli powder, salt, ginger garlic paste, curd, red chilli powder, salt, coriander powder, oil, onion, oil, bay leaf, green cardamom, black cardamom, cinnamon, ginger garlic paste, tomato, kasoori methi, green chilli, water",https://www.indianhealthyrecipes.com/wp-content/uploads/2022/08/methi-chicken-recipe.jpg
97,restaurant style fried chicken,Chinese,non-veg,"egg, salt, white pepper, maida, salt, red chilli powder, garlic powder, ginger powder, onion powder, oregano, chillil flakes, white pepper, basil, chicken drumsticks, salt, white pepper, bread crumbs (as required)",https://www.allrecipes.com/thmb/t0WhC8wxd1OwM-XblubK7jTHO2c=/1500x0/filters:no_upscale():max_bytes(150000):strip_icc()/4468954-78d3fe39916d4c76aaeb1feab517268f.jpg
98,chicken potli,Chinese,non-veg,"chicken, onion, green chilli, garlic, ginger, salt, aromatic powder, soya sauce, oyster sauce, spring onion, filo sheets",https://farm2cook.com/files/Chicken-Potli.jpg
99,spicy chicken masala,Indian,non-veg,"mustard oil, curry leaves, kalonjee, saunf, garlic, onion, tomatoes, ginger, green chillies, boneless chicken, salt, tomato puree, red chilli powder, cumin powder, black salt, peppercorn (crushed), water, mint, coriander",https://bellyfull.net/wp-content/uploads/2021/05/Chicken-Tikka-Masala-blog.jpg
100,spicy chicken curry,Indian,non-veg,"oil, ghee, onion paste, garlic paste, ginger paste, turmeric powder, salt, tomato puree, coriander powder, red chilli powder, cumin powder, garam masala, chicken leg pieces, coriander leaves, water",https://www.foodandwine.com/thmb/8YAIANQTZnGpVWj2XgY0dYH1V4I=/1500x0/filters:no_upscale():max_bytes(150000):strip_icc()/spicy-chicken-curry-FT-RECIPE0321-58f84fdf7b484e7f86894203eb7834e7.jpg
101,crispy herb chicken,Italian,non-veg,"fresh breadcrumbs, parmesan cheese, lemon rind, fresh parsley leaves, garlic powder, plain flour, egg, milk, chicken breast supremes, vegetable oil, mayonnaise, sour cream, fresh chives (dried if fresh not available), fresh parsley (dried if fresh not available), garlic, red onion (optional), ground black pepper, salt",https://diningbykelly.com/wp-content/uploads/2021/12/Crispy-Herb-Braised-Chicken-Thighs.jpeg
102,dahi chicken,Indian,non-veg,"dahi, cumin powder, garlic paste, garam masala, turmeric powder, red chilli powder, salt, boneless chicken, oil, green chilli, onion, tomato",https://www.whiskaffair.com/wp-content/uploads/2014/07/Dahi-Chicken-2-3.jpg
103,amritsari chicken masala,Indian,non-veg,"chicken, ginger garlic paste, curd, lemon juice, vinegar, coriander powder, cumin powder, red chilli powder, salt, onion, butter, red chilli powder, coriander powder, cumin powder, ginger, water, salt, green chilli, tomatoes, sugar, butter , cream",https://img-global.cpcdn.com/recipes/4ccf51af63650535/400x400cq70/photo.jpg
104,chilli chicken,Chinese,non-veg,"boneless chicken, salt, cornflour, black pepper, egg, soy sauce, red chilli sauce, garlic, green chillies, green chilli sauce, vinegar, onion, capsicum, black pepper, salt",https://www.teaforturmeric.com/wp-content/uploads/2024/06/Chilli-Chicken-Recipe.jpg
105,chicken tenders,Snack,non-veg,"chicken breast (cut into strips), salt, garlic paste, ginger paste, green chilli paste, oats, refined flour, salt, freshly ground black pepper, fried mixed herbs (italian herb), garlic powder",https://www.simplysissom.com/wp-content/uploads/2018/04/Frozen-Chicken-Tenders-in-Air-Fryer-FI.jpg
106,chicken nimbu dhaniya shorba,Beverage,non-veg,"water, chicken (diced)), ginger garlic paste, coriander, lemon, cream, butter, turmeric powder, green chilli paste, cornflour, salt",https://static.toiimg.com/photo/59179100.cms
107,garlic soya chicken,Healthy Food,non-veg,"chicken thigh/breast (cut crosswise into 1/2-inch-thin strips), sesame oil (toasted), white pepper (finely ground), ginger juice, peanut oil or vegetable oil (divided), garlic cloves (minced), ginger, red chilli flakes, red onion , snow peas (trimmed), red bell pepper (cut into thin strips), rice vinegar, soy sauce, dark soy sauce, chinese rice wine, brown sugar, cornflour",https://tiffycooks.com/wp-content/uploads/2021/12/Screen-Shot-2021-12-15-at-12.37.33-AM.png
108,cauliflower and chicken biryani,Indian,non-veg,"boneless chicken, biryani masala, yogurt, onions, coconut oil, cauliflower, coconut (diced), onion (diced), peppercorns, cardamoms, cumin seeds, bay leaves, cinnamon, cloves, coconut oil, garam masala, dry chilli flakes, turmeric powder, black peppercorns, cardamom, cinnamon, garlic (crushed), tomato puree, green chillies, fresh ginger (peeled), dry red chilli, salt",https://www.skinnytaste.com/wp-content/uploads/2018/12/Cauliflower-Rice-Chicken-Biryani-1-1.jpg
109,chicken quinoa biryani,Healthy Food,non-veg,"onions, tomato, green chillies(slit open), ginger garlic paste, mint leaves, coriander leaves/cilantro, fresh yogurt/curd(beaten), turmeric powder, chilli powder, salt, chicken (cut into pieces), garam masala powder, ginger garlic paste, yogurt/curd, chilli powder, coriander powder, salt, oil, cloves, bay leaf , cardamom",https://indfused.com/wp-content/uploads/2017/08/0-cover.jpg?w=1400
110,chicken and mushroom lasagna,Italian,non-veg,"chicken, salt, crush black pepper, garlic cloves (minced), olive oil, fresh thyme, button mushroom, onion, low fat milk, basil, basil-tomato sauce",https://vjcooks.com/wp-content/uploads/2024/10/VJ_Cooks_Chicken_Mushroom_Lasagne-1-720x720.jpg
111,plum and cherry roasted chicken,Healthy Food,non-veg,"carrot (finely diced), onion (finely diced), celery (finely diced), fresh thyme sprigs, whole free range chicken , pepper (freshly ground), parsley stems, celery leaves, lemon slices (1/8 inch thick), onion, carrot, fresh lemon juice, chicken stock/broth, plums (cut), fresh cherries",https://c.ndtvimg.com/u85of26o_roast-chicken_625x300_07_August_18.jpg
112,chicken roulade,French,non-veg,"chicken breasts, olives, jalapenos, bell peppers(all 3), thyme dried, white wine, salt, black pepper (crushed to taste), egg, olive oil, mozerella cheese, processed cheese",https://thecozycook.com/wp-content/uploads/2024/01/Chicken-Roulade-1-1.jpg
113,sticky rum chicken wings,Snack,non-veg,"chicken wings without skin, hung curd, chilli powder, sweet paprika powder, english mustard paste, garlic paste, salt, garlic, rum, bbq sauce",https://www.carnaldish.com/wp-content/uploads/2020/08/rum-and-coke-wings-f1.jpg
114,chicken dragon,Chinese,non-veg,"Chicken (boneless and cut into small pieces), eggs (lightly whipped), maida, garlic paste, ginger paste, salt, water, oil",https://carlsbadcravings.com/wp-content/uploads/2023/04/dragon-chicken-2b-1.jpg
115,chicken palwal,Indian,non-veg,"Chicken, Onion, Tomato, Green Chilli, Cumin Powder, Coriander Powder, Green Coriander, Curd, Ginger Garlic, Red Chilli Powder, Salt, Oil",https://c.ndtvimg.com/2019-10/829qq7mg_chicken_625x300_21_October_19.jpg
116,pan seared thigh of chicken,Mexican,non-veg,"Chicken Thai, Salt, Pepper, Lemon, Fresh Thyme, Barley, Brockley, Mushroom, Extra Virgin Olive Oil, Cherry Tomato",https://thealmondeater.com/wp-content/uploads/2021/01/Pan-Seared-Chicken-Thighs-1-15.jpg
117,chicken in mahalak sauce,Indian,non-veg,"Salt, sugar, seasonings, oil, corn flour, chicken leg, fresh chilli, garlic, ginger, onion, red chili paste, tomato catchup, paprika, yellow capsicum, vegetable stock",https://c.ndtvimg.com/2019-08/ib6cm0s8_chicken_625x300_08_August_19.jpg
118,grilled kasundi honey chicken with sweet potato mash,Indian,non-veg,"Chicken breast, kasundi (Bengali mustard sauce), sweet potato, red and yellow capsicum, broccoli, garlic buds, refined oil, salt, butter, cream, green onion, honey, ginger and garlic paste",https://c.ndtvimg.com/2019-06/pb66a7v8_chicken_625x300_24_June_19.jpg
119,chicken dong style,Chinese,non-veg,"Oil, chicken breast, garlic, ginger, tomato catchup, oyster sauce, shitake mushrooms, bomb shoots (boiled), salt, sugar, broth powder, shocking wine, potato starch, sesame oil, green onions",https://c.ndtvimg.com/2019-06/hbhcv2kg_chicken_625x300_18_June_19.jpg
120,microwave tandoori chicken,Indian,non-veg,"Chicken (sliced), garlic paste, ginger paste, Hung curd, salt, garam masala, coriander powder, pepper powder, cream, oil, for garnishing:, lemon pieces, onion rings",https://banashreebaruah.wordpress.com/wp-content/uploads/2014/12/tandoori-chicken-prepared-in-microwave.jpg
121,methi malai cranberry chicken,Indian,non-veg,"Chicken (sliced ??into large pieces), salt, cranberry puree, red chilli powder, garam masala, coriander powder, cumin powder, chaat masala, corn flour, fenugreek leaves, gram flour, ginger, garlic, cream, Greek yogurt, butter",https://c.ndtvimg.com/2019-05/ala0ha2_chicken-_625x300_16_May_19.jpg
122,southern fried chicken tenders,Snack,non-veg,"Chicken breast (cut 20 strips, 20 grams), all purpose flour, salt, hot red chillies, eggs, bread crumbles, white cabbage slaw, pasarley sprig, honey-mustard dip, green bell pepper",https://www.tasteofhome.com/wp-content/uploads/2018/01/Southern-Fried-Chicken-Strips_EXPS_FT23_35128_ST_0720_5.jpg
123,thai style chicken tikka,Thai,non-veg,"Chicken Thais, Thai Ginger, Lemon Leaves, Lemongrass, Coconut Milk Powder, Refined Oil, Red Curry Paste, Peanut Butter, Bezel Leaves, Lotus Stem, Yellow Butter, Chaat Masala",https://c.ndtvimg.com/2019-05/9qrp9cqo_chicken-tikka_625x300_15_May_19.jpg
124,chicken gilafi kebab,Indian,non-veg,"Chicken Mince, Onion, Tomato, Green Capsicum, Green Coriander, Green Chilli, Salt, Oil, Cashew, Almond, Mint, Red Chilli Powder, Ginger Garlic Paste, Cumin Powder, Lemon Juice, Fresh Cream, Kewda Water",https://www.licious.in/blog/wp-content/uploads/2020/12/Chicken-Seekh-Kebab-600x600.jpg
125,cheese chicken kebabs,Indian,non-veg,"Chicken Thais, Garlic Paste, Garlic Paste, Yellow Chilli Powder, Cheese, Curd, Gram Flour, Green Cardamom Powder, Yellow Chilli Powder, Mace Powder, Nutmeg Powder, Rock Salt, Green Coriander, Oil",https://static.toiimg.com/thumb/58774752.cms?imgsize=562379&width=800&height=800
126,andhra crab meat masala,Indian,non-veg,"processed crab meat, refined oil, curry leaves, garlic, green chilli, onion, ginger-garlic paste, coriander, coriander powder, cumin powder, turmeric powder, garam masala powder, kashmiri chilli powder, salt, lemon, chop masala, tomato",https://c.ndtvimg.com/2019-08/2b5aasa_crab-meat-masala_625x300_29_August_19.jpg
127,cajun spiced turkey wrapped with bacon,Mexican,non-veg,"turkey breast, cajun spice, spinach leaves (cooked and drained), garlic pods, salted butter, feta cheese, bacon strips, ground black pepper, for cajun spice:, onion powder, garlic powder, seasoning salt, paprika, ground black pepper, cayenne pepper, oregano, thyme, red pepper flakes (if you like it spicy))",https://c.ndtvimg.com/2018-12/7d4l0nsg_turkey_625x300_24_December_18.jpg
128,thai lamb balls,Thai,non-veg,"lamb (minced), couscous, scallion, garlic, egg, parsley, olive oil, mint, ao nori herb, salt, five spice, cinnamon powder",https://www.recipetineats.com/uploads/2017/10/Thai-Meatballs.jpg
129,oyster lamb,Thai,non-veg,"vegetable oil, garlic, ginger, lamb, stock, oyster sauce, dry sherry, sugar, celery, salt, bokchoy, shitake mushroom",https://atastykitchen.com/wp-content/uploads/2022/02/Lamb-oyster-shoulder-5.jpg
130,chicken shami kebab,Indian,non-veg,"oil, cumin seeds, cloves, black peppercorns, cinnamon, coriander seeds, ajwain, red chilli whole, chilli flakes, boneless chicken, salt, water, ginger, green chilli, garlic, coriander leaves , mint leaves , egg",https://www.indianhealthyrecipes.com/wp-content/uploads/2022/03/shami-kabab-shami-kebab.jpg
131,balti meat,Mexican,non-veg,"refined oil, black cardamoms, green cardamoms, mace, clove, cinnamon stick, black pepper corn, ginger garlic paste, ginger, green chilies, mutton curry cut, brown onion paste, salt, kashmiri red chili powder, tomato puree, garam masala powder, coriander powder, cumin powder",https://www.eatingwell.com/thmb/t0paxbyJTTnwO6hbpd_CehCSCfI=/1500x0/filters:no_upscale():max_bytes(150000):strip_icc()/8509219-37a760b5e3094c92a62c46884c08760c.jpg
132,coffee marinated mutton chops,Thai,non-veg,"mutton chops, espresso, honey, balsamic vinegar, rosemary, pink peppercorns (crushed), olive oil, salt",https://www.tablefortwoblog.com/wp-content/uploads/2021/07/grilled-lamb-chops-recipe-photo-tablefortwoblog-4-scaled.jpg
133,sali boti (parsi meat dish),Indian,non-veg,"mutton (wash and cut into very small cubes), ghee or oil, tomatoes, onions, green chillies, coriander leaves, chilli powder, turmeric powder, ginger-garlic paste, water, vinegar, jaggery, salt, potatoes, oil",https://i.ndtvimg.com/i/2015-05/sali-boti_625x350_81431065388.jpg
134,braised lamb shanks,Thai,non-veg,"Lang Shanks, Olive Oil, Onion, Carrots, Celery Stick, Garlic, White Wine, Lamb Stock, White Wine, Rosemary, Tomata Puree",https://www.allrecipes.com/thmb/s2Q4Ib9be9G5M3RX9Q9vlT8sMPY=/1500x0/filters:no_upscale():max_bytes(150000):strip_icc()/AR-36927-rosemary-braised-lamb-shank-DDMFS-4x3-a879ae9cf5124977ad0c0dae07d89a98.jpg
135,bengali lamb curry,Indian,non-veg,"Lamb pieces, yogurt, turmeric powder, castor sugar, red chili powder, mustard oil, onion, ginger paste, garlic paste, green chillies, mustard seeds, almonds",https://files.mob-cdn.co.uk/recipes/2024/07/_1200x630_crop_center-center_82_none/Bengali-Lamb-Curry-Recipe.jpg?mtime=1721123527
136,malabari fish curry,Indian,non-veg,"sear fish, coconut, ginger, pureed tamarind, salt, powdered turmeric, green chillies, red chilli powder, shallots",https://i0.wp.com/www.nourishdeliciously.com/wp-content/uploads/2024/08/DSC_8715-scaled.jpg
137,japanese fish stew,Japanese,non-veg,"sole fillet (you can also do 2/3 types of fish), large shrimps (optional), potatoes (peeled), onions (cut into slices), garlic cloves, red capsicum (can use green also), parsley or coriander (choose the herb that most suits your taste buds), few dashes of hot sauce, paprika, olive oil, white wine, rock salt",https://marcsrecipes.com/wp-content/uploads/2024/01/miso-fish-soup-011.jpg
138,malabar fish curry,Indian,non-veg,"whole coriander seeds, whole red chilli, coconut oil, mustard seeds, onion, curry leaf, coconut milk, tamarind pulp, coriander, seabass fish curry cuts",https://i0.wp.com/www.nourishdeliciously.com/wp-content/uploads/2024/08/DSC_8715-scaled.jpg
139,surmai curry with lobster butter rice,Thai,veg,"tamarind, red chilli powder, turmeric powder, salt, fresh coconut, onion, garlic cloves, coriander seeds, fenugreek seeds, red chilli powder, turmeric powder, tamarind (lemon sized), butter, lobster (de-shell and devein and make a small cube), salt and lime, surmai",https://c.ndtvimg.com/ah17qq8o_surmai_625x300_06_September_18.jpg
140,seared salmon in tabasco butter,Thai,non-veg,"butter, tabasco, chives, salt, salmon fillet, olive oil, sea salt",https://c.ndtvimg.com/9frpsmh8_salmon_625x300_03_September_18.jpg
141,"risotto lobster with parmesan egg pancake, confit tomatoes and coral tuille",Italian,non-veg,"lobster shell, carrot, leeks, garlic cloves, tomato paste, bay leaf, peppercorn, water, lobster meat, arborio rice, onion, leeks, lobster stock, parmesan cheese, cream, salt, olive oil, egg, parmesan, flour, milk, parsley, salt, cherry tomatoes, garlic pods, olive oil, water, oil, flour, salt",https://c.ndtvimg.com/s1rjqtl_lobster-risotto_625x300_29_August_18.jpg
142,fish skewers with coriander and red wine vinegar dressing,Thai,non-veg,"sea bass fillets, olive oil (for grilling), red wine vinegar, sugar, extra virgin olive oil, garlic clove, coriander, bamboo skewers",https://c.ndtvimg.com/loufka5o_fish-skewers_625x300_30_August_18.jpg
143,seafood rock filler,French,veg,"baked tart of mixed sea food served with phyllo fruit bowl, savory tart shell (semi baked), mixed sea food, mornay sauce, assorted herb and seasoning, phyllo pastry, assorted seasonal fruit",https://c.ndtvimg.com/tc51jlk_seafood-rock-filler_625x300_17_July_18.jpg
144,shrimp & cilantro ceviche,French,veg,"prawns, gherkin, onion, cilantro, mix bell pepper, tiger milk, sweet corn, sea salt, black pepper, green lemon juice, cherry tomato, edible flower, coriander stems, celery stalks, garlic, ginger, red onion, lemon juice, sea salt, black pepper",https://www.dinneratthezoo.com/wp-content/uploads/2017/03/shrimp-ceviche-13.jpg
145,saewoo bokumbop (shrimp fried rice),Japanese,veg,"cooked rice, shrimp (de-veined, onion, cooked green peas, green onion, egg (scrambled), vegetable oil/butter, soy sauce, sesame oil, salt, pepper",https://www.allrecipes.com/thmb/XvtyNvg0y1DqkxxVXfba7NUg_5w=/1500x0/filters:no_upscale():max_bytes(150000):strip_icc()/972475-d9beab5a23c141af8423ea974de34d10.jpg
146,thai prawn curry & baked rice,Thai,veg,"jeera whole, coriander seeds, kashmiri chilly, garlic, ginger, green chillies, kokum, coconut, onion, tomatoes, coriander, prawns, salt, turmeric powder, garlic paste, asafoetida, refined oil, ginger paste, goan rice, coconut milk, green chillies, fresh coconut, hing, refined oil, coriander leaves, basmati rice, coconut milk, green chillies, coconut milk, coconut, salt, green chillies, curry leaf, lecite",https://www.everydayeasyeats.com/wp-content/uploads/2019/01/Thai-Spicy-Shrimp-and-Rice-1.jpg
147,bihari fish curry,Indian,non-veg,"rohu fish, salt, turmeric powder, chilli powder, oil, garlic , green chillies, mustard seeds, black peppercorns, cumin seeds, whole red chillies, fenugreek seeds, tomatoes, mustard oil, bay leaves, water, garam masala, coriander leaves",https://ranveerbrar.com/wp-content/uploads/2022/12/Bihari-Fish-Curry.jpg
148,curry fish fingers,Thai,non-veg,"river sole fish (cut in thin strips), garlic paste, salt , lime juice, beer, flour, cornflour, white pepper, eggs, mustard",http://silverstonepaving.net/jpg/1400x919-fish-finger-katsu-curry-7e4654b8-ed32-43a3-8e32-4693044e6c07-0-1400x919.jpg
149,prawn and litchi salad,Healthy Food,veg,"prawns (shelled and cleaned), spring onions, mango flesh, litchis (deseeded), chilli flakes, lemon (for lemon juice), olive oil, peanuts (to garnish), salt",https://comegrillwithme.com/images/recipes/prawn-lychee-salad-01.jpg
150,kerala fish curry,Indian,non-veg,"white fish (cut into cubes), onion, tomato, garlic cloves, fresh green chillies (deseeded), oil, fresh coconut paste, red chilli paste, coriander powder, turmeric powder, salt, whole dry red chillies, black mustard seeds, curry leaves, tamarind extract, water",https://thefamiliarkitchen.com/wp-content/uploads/2019/03/img_5714-scaled.jpg
151,fish andlouse,French,non-veg,"white wine and water mix to cover, onion, salt, bay leaf, black pepper corns, olive oil, onion, garlic, tomatoes (peeled and seeded), basil leaves, spring fresh thyme - optional 1 bay leaf, salt and pepper, olive oil, wine vinegar, prepared mustard, salt and pepper, assorted garden herbs ( parsley, basil etc.",https://www.ndtv.com/cooks/images/fish-%20andlhouse_med.jpg
152,prawn fried rice,Thai,veg,"Oil, Bacon, Prawns, Chicken, Carrots, Garlic Buds, Ginger, Spring Onion, Sweet Chili Sauce, Soy Sauce, Salt, Pepper, Sweet Corn, Vinegar, Baked Rice, Green Coriander",https://khinskitchen.com/wp-content/uploads/2021/06/shrimp-fried-rice.jpg
153,damdama fish curry,Indian,non-veg,"Fish, onion, tomato, reshagi red chilli powder, cumin powder, coriander powder, coriander, cumin, salt, oil",https://c.ndtvimg.com/2019-10/sutkhsj_fish-curry_625x300_21_October_19.jpg
154,fish with white sauce,Italian,non-veg,"Fillet fish, oil, milk, flour, butter, salt, ground black pepper",https://www.preciouscore.com/wp-content/uploads/2024/03/Fish-In-White-Sauce-2-1.jpg
155,chilli fish,Chinese,non-veg,"For fish pieces (Boneless), Flour, Cornflour, Baking Powder, Soy Sauce, Celery, Pepper, Salt, Oil, Green Onion, Sauce:, Ginger, Garlic, Green Chili, Soy Sauce, Tomato Sauce, Chili Sauce, Cornflour",https://www.indianhealthyrecipes.com/wp-content/uploads/2013/12/fish-manchurian-recipe-chili-fish.jpg
156,fish ambultiyal,Indian,non-veg,"Tuna, onion, fenugreek, whole chilli, pandan leaf, salt, water, cardamom, cinnamon, coriander powder, black pepper, red chilli, curry powder, garlic (crushed), chili flakes, gorca, salt",https://www.hungrylankan.com/wp-content/uploads/2020/08/20200727_102021-1_compress52-768x1024.jpg
157,chettinad fish fry,Indian,non-veg,"Surmai fish, oil, garlic buds, ginger (mash), cumin, fennel, whole coriander, black pepper, mustard seeds, curry leaves, salt, oil, water, tomatoes, red pepper powder, turmeric powder, tamarind pulp, cornflour, lemon pieces of",https://www.cookingandme.com/wp-content/uploads/2016/12/chettinad-fish-fry-meen-varuval-recipe-ed-500x500.jpg
158,fish moilee,Indian,non-veg,"Basa fish, onion, ginger, garlic buds, green chillies, turmeric, red chilli powder, coriander powder, lemon juice, curry leaves, refined oil, refined oil, mustard seeds, black pepper, fennel, green cardamom, coconut milk, Cherry tomatoes",https://ichef.bbci.co.uk/food/ic/food_16x9_1600/recipes/malaysian-style_fish_67115_16x9.jpg
159,batter fish,Mexican,non-veg,"Fresh fish pieces (river sol or sea bass), maida, passerley, oil, baking powder, maida, egg (optional), soda water, salt and pepper",https://images.themodernproper.com/production/posts/BeerBatteredFish_7.jpg?w=1200&q=82&auto=format&fit=crop&dm=1695826989&s=c534870a1e263dd2b81557600be799b9
160,fish salan,Mexican,non-veg,"King fish, ripe tomatoes, desi ghee, ginger-garlic paste, onion, turmeric powder, red chilli powder, black pepper powder, garam masala, ginger, turmeric powder, fennel powder, refined oil, salt, water",https://www.flourandspiceblog.com/wp-content/uploads/2025/01/IMG_5219-500x500.jpg
161,spanish fish fry,Mexican,non-veg,"Sol fish, tomato, onion, lemon juice, olive oil, ginger and garlic paste, bay leaves, cinnamon stick, green chillies, vinegar, salt, water",https://vaya.in/recipes/wp-content/uploads/2018/06/Spanish-Fish-Fry.jpg
162,prawn potato soup,Thai,veg,"Onion, potato, prawns, eggs, milk, butter, coriander, salt, water",https://img.taste.com.au/209GnVY8/taste/2020/05/jun20_prawn-_-potato-soup-with-chilli-toast_alt-161741-1.jpg
163,red rice vermicelli kheer,Indian,veg,"red rice vermicelli / broken sooji / semolina vermicelli, butter, almonds, whole milk, cardamom powder, saffron strands / thread, sugar",https://c.ndtvimg.com/2018-11/8r6oc0s8_kheer_625x300_23_November_18.jpg
164,green cucumber shots,Healthy Food,veg,"english cucumbers, garlic cloves (smashed), romaine lettuce, basil, parsley, cilantro, big lemon, sea salt, olive oil",https://muybuenoblog.com/wp-content/uploads/2023/09/tequila-shot-cucumber.jpeg
165,thai pineapple rice,Thai,veg,"rice, onion, thai ginger , fresh turmeric, curry leaf, lemon grass, coconut milk, salt, hot curry powder, pineapple chunks, oil, water, turmeric powder, fresh pineapple",https://hot-thai-kitchen.com/wp-content/uploads/2014/02/Pineapple-fried-rice-sq-2.jpg
166,green asparagus risotto,Italian,veg,"carnaroli rice, vegetable broth, butter, extra virgin olive oil, parmigiano cheese, onion (minced), white wine, salt & pepper",https://familystylefood.com/wp-content/uploads/2021/04/Asparagus-risotto-500x500.jpg
167,veg fried rice,Chinese,veg,"oil, ginger-garlic paste, spring onion, carrot, cabbage, capsicum, salt, soy sauce, vinegar, rice",https://shwetainthekitchen.com/wp-content/uploads/2023/06/veg-fried-rice.jpg
168,egg and garlic fried rice,Chinese,non-veg,"oil, garlic, spring onion , ginger, red chilli , egg, cooked rice, salt, black pepper powder, soya sauce",https://chefsavvy.com/wp-content/uploads/filipino-garlic-fried-rice.jpg
169,curd rice,Indian,veg,"rice, water, curd, milk, carrot, green chilli, ginger, salt, coriander leaves, oil, mustard seeds, chana dal, urad dal, curry leaves, red chilli, hing",https://www.yellowthyme.com/wp-content/uploads/2019/04/South-indian-curd-rice-08751.jpg
170,fried rice with soya chunks,Chinese,veg,"basmati rice, carrot, capsicum, beans, green peas, ginger, garlic, green chillies, bay leaf, cinnamon sticks, green cardamoms, clove, soya chunks, salt,",https://hebbarskitchen.com/wp-content/uploads/2024/07/Soya-Fried-Rice-Recipe-Soya-Rice-Meal-Maker-Fried-Rice-2-scaled.jpeg
171,corn pulao,Indian,veg,"basmati rice, american corn kernels, olive oil, onion, ginger garlic paste, salt, green chillies, cumin seed, bay leaf, pepper corn, cloves, hot water, coriander leaves, lime juice, bell pepper (saut?ed and diced), coconut",https://hebbarskitchen.com/wp-content/uploads/2023/11/Corn-Pulao-Recipe-Sweet-Corn-Pulao-Rice-1-scaled.jpeg
172,zucchini methi pulao,Indian,veg,"zucchini, basmati rice, fenugreek (methi), clarified butter (desi ghee), clarified butter (desi ghee), cumin seeds (jeera), asafoetida (heeng), green chilles, ginger, salt",https://i.ndtvimg.com/i/2018-01/zucchini-methi-pulao_620x330_81515404252.jpg
173,lemon rice,Indian,veg,"cooked basmati rice, oil, asafoetida (heeng), mustard seeds (sarson), curry leaves (kadhi patta), whole red chilli (sabut laal mirch), turmeric powder(haldi), salt, lemon juice, peanuts, urad dal, chana dal, ginger",https://www.cookwithmanali.com/wp-content/uploads/2016/01/South-Indian-Lemon-Rice-Recipe.jpg
174,kale channe ki biryani,Indian,veg,"black gram (kala chana), basmati rice (soaked for 2 hours), cinnamon, green cardamoms, cloves, ghee, black cardamoms, black peppercorns, bay leaves, onions, green chillies (slit), ginger-garlic paste, coriander powder, turmeric powder, yogurt, fresh mint leaves, fresh coriander leaves, garam masala powder, red chilli powder, salt, cashew nuts, almonds, milk, fresh cream, saffron, ginger, screw pine essence (kewra), browned onions, whole wheat flour dough",https://i.ytimg.com/vi/YOS0CeGsLos/maxresdefault.jpg
175,chicken paella,Mexican,non-veg,"chicken, oil, salt and pepper, paprika powder, chilli flakes, garlic paste, onions, bell peppers, rice, vegetable stock, saffron, peas, olives, parsley, white wine",https://cookingformysoul.com/wp-content/uploads/2023/01/feat-chicken-chorizo-paella-min.jpg
176,thai fish curry,Thai,non-veg,"fish (cubed), thai green curry paste, oil, onions, garlic, ginger/galangal, coconut milk, coriander, lemon juice, palm sugar, basil leaves, salt & pepper",https://www.feastingathome.com/wp-content/uploads/2021/05/Thai-Fish-Curry-27.jpg
177,vegetable pulao,Indian,veg,"water, basmati rice, ghee, paneer (cooked), carrot, beans, peas, elaichi, cardamoms, cinnamon, bay leaves, cumin seeds, chilli powder, turmeric, salt, coriander leaves",https://www.sharmispassions.com/wp-content/uploads/2014/07/VegPulao1.jpg
178,oats shallots pulao,Healthy Food,veg,"Rice, Green Coriander, Green Chillies, Onion, Cinnamon, Cardamom, Cloves, Red Chilli Powder, Salt, Garlic Flakes, Ginger, Chalet, Olive Oil",https://c.ndtvimg.com/2019-12/uoaeu87_pulao_625x300_06_December_19.jpg
179,shiitake fried rice with water chestnuts,Chinese,veg,"Shitake Mushrooms, Vegetable Oil, Garlic Buds, Green Chillies, Water chestnuts, Onions, Leaks, Celery, Ginger, Sesame Oil, Rice Baked, White Chillies, Salt, Rice Wine Vinegar, Green Onions, Small Bunch Pasarley, Sesame Oil",https://c.ndtvimg.com/2018-10/ilrq2c5_pav-bhaji_625x300_19_October_18.jpeg
180,lotus leaf wrapped fried rice,Chinese,veg,"Jasmine Rice (Baked), Edamame Beans, Mock Meat, Shitake Mushroom, Spring Onion, Dark Soy Sauce, Sunflower Oil, Salt",https://school-of-wok.s3.eu-west-2.amazonaws.com/recipes/show_images/087b4638caa3c4f9004fa787fe7c59e6.jpg
181,vegetable biryani,Indian,veg,"Cumin, Onion, Ginger Garlic, Mix Vegetable, Coriander Powder, Garam Masala, Turmeric Powder, Salt, Red Chilli Powder, Green Chillies, Lemon Juice, Steamed Rice, Green Coriander",https://www.indianhealthyrecipes.com/wp-content/uploads/2019/04/veg-biryani-recipe-500x500.jpg
182,avial with red rice,Indian,veg,"Red rice, water, potatoes, carrots, raw banana, drumstick, small raw mango, sour curd, bean stick, onion, salt, turmeric, water, coconut oil, green chillies, mustard seeds (crushed)",https://thumbs.dreamstime.com/b/avial-red-rice-kerala-meal-kerala-food-avial-coconut-based-stew-served-red-rice-served-banana-leaf-196402277.jpg
183,rice in lamb stock,Thai,non-veg,"Rice, desi ghee, big cardamom, bay leaf, cinnamon stick, fennel, onion, lamb bonz, royal cumin, cashew, cream, green cardamom powder, salt, water",https://mediterraneanlatinloveaffair.com/wp-content/uploads/2022/03/Lamb-rice-bake.jpg
184,vegetable bruschetta,Italian,veg,"baguette (grilled slices), black olive tapenade, artichoke hearts, lettuce arugula (trummed), tomato confit, fresh basil leaves, mint leaves, zucchini, goat cheese, parmesan cheese shavings, mozzarella buffalo cheese",https://zenaskitchen.com/wp-content/uploads/2022/01/Roasted-Vegetable-Bruschetta.jpg
185,red wine braised mushroom flatbread,Italian,veg,"olive oil, fresh buffalo mozzarella cheese, canned pelati tomatoes (cooked), pizza/flatbread base, mushrooms, red wine, parsley, garlic cloves (halved), salt",https://c.ndtvimg.com/hgtrs618_mushroom-flatbread_625x300_03_September_18.jpg
186,strawberry & pistachio breton tart,Dessert,veg,"plain flour, baking powder, sea salt, unsalted butter, egg yoks, castor sugar, double cream, yolk, sugar, gelatine, butter, pistachio paste, strawberry",https://i.ytimg.com/vi/F_T14uAI4Yk/hqdefault.jpg
187,tricolour pizza,Italian,veg,"pizza base , pizza sauce, mozzarella cheese, black olive, green capsicum, carrots, olive oil",https://i.ndtvimg.com/i/2018-01/pizza_620x330_71516778822.jpg
188,instant rava dosa,Indian,veg,"rava/suji/semolina, rice flour, all purpose flour, fresh coconut (pieces), jeera, green chilli, dhaniya, onion (diced), salt, water, oil, ghee/clarified butter",https://hebbarskitchen.com/wp-content/uploads/2019/02/rava-dosa-recipe-instant-rava-dosa-suji-ka-dosa-crispy-rava-dosa-1.jpeg
189,easy bread poha,Indian,veg,"oil, hing, mustard seeds, curry leaves, whole red chillies, cookes peas, peanuts, turmeric powder, salt, bread, green chillies, lemon juice, coriander leaves, dessicated coconut",https://www.indianhealthyrecipes.com/wp-content/uploads/2022/06/bread-upma-recipe.jpg
190,bread chana basket,Indian,veg,"bread (white/brown), butter, for chana chaat:, chana, onion, tomatoes, cumin seeds, ginger garlic paste, chilli powder, chana masala, turmeric powder , oil, salt",https://c.ndtvimg.com/2018-10/k4fe75kg_bread-chana-basket_625x300_09_October_18.jpg
191,spaghetti with clams & crispy bread crumbs,Italian,veg,"panko, 1/4 cup plus 1 tablespoon extra-virgin olive oil, plus more for drizzling, kosher salt, freshly ground pepper, garlic cloves, manila clams or cockles, scrubbed, dry white wine, spaghetti, lemon zest, lemon juice, mullet bottarga (optional; see note), red pepper, thyme, rosemary, parsley",https://images.squarespace-cdn.com/content/v1/5161a33ce4b058e82d881bb3/1405981887467-6EEV25OAT2BRFIR4DLRD/image-asset.jpeg
192,kasha bread,French,veg,"kasha, boiling water, buckwheat flour, all-purpose gluten free flour, brown sugar, baking powder, baking soda, xanthum gum, salt, buttermilk, cream, egg, oil, walnuts",https://blogger.googleusercontent.com/img/b/R29vZ2xl/AVvXsEh5F5mSMUSnsFNP5-D_PLqxxtpkZGHdet2H7sD-HCbNRHuxQcYme6hnYSj2AiRUQNA9r6tsed1-gbgqqnKaA_Pzy9mXefCivgmhlQEUJ4QmEgUDfw0den39HY55Ds8LD_zPNNSSW2tD3pB0a9LO/s800/Kasha_Bread2.png
193,egg paratha,Indian,non-veg,"whole wheat flour, salt, oil, eggs, onions, green chilli, coriander leaves, garam masala",https://www.indianhealthyrecipes.com/wp-content/uploads/2024/06/egg-paratha-anda-paratha.jpg
194,egg and cheddar cheese sandwich,Mexican,non-veg,"egg, salt, pepper, ham slices, basil leaves",http://cabotcreamery.com/cdn/shop/articles/20240829132941-recipe_kit_breakfast-20sandwich_1024x.jpg?v=1724939007
195,egg in a blanket,French,non-veg,"eggs, brown bread slices, butter, chilli flakes, oregano, salt",https://myyellowfarmhouse.com/wp-content/uploads/2013/08/eggs-in-a-frame-cooked1.jpg
196,bread dahi vada,Indian,veg,"bread slices, curd, oil, salt and black pepper , red chilli powder, aamchoor powder, mint leaves, zeera powder, anardana",https://ruchisvegkitchen.com/wp-content/uploads/2022/03/20220309125436_img_6750_wm_wm6296875428777981625.jpg?w=682
197,cheese and avocado parantha,Mexican,veg,"Wheat flour, Kasuri methi, water, olive oil, avocado, mozzarella cheese, pizza tasting, ghee, salt",https://i0.wp.com/www.sinamontales.com/dotcord/uploads/2017/07/Avocado-Cheese-Parantha.jpg?fit=1200%2C1807&ssl=1
198,bread with tomatoes and olives,Italian,veg,"French Bread Loaf, Tomato, Extra Virgin Olive Oil, Salt, Black Pepper, Passerley, Stuffed Green Olive",https://domesticgothess.com/wp-content/uploads/2022/09/tomato-olive-focaccia.jpg
199,lemon poppy seed cake,Dessert,veg,"plain flour, baking powder, salt, castor sugar, baking soda, eggs, butter, vanilla essence, lemon juice, poppy seed, lemon peel, to serve:, lemon syrup, whip cream, fresh berry",https://cakesbymk.com/wp-content/uploads/2025/02/Template-Size-for-Blog-32.jpg
200,chocolate kaju katli,Dessert,veg,"cashew nuts, sugar, water, milk chocolate or dark chocolate",https://www.archanaskitchen.com//images/archanaskitchen/Indian_Sweets_Mithai/Diwali_Recipe_Chocolate_Kaju_Katli_Recipe_Cashew_Nut_Fudge_with_Chocolate_Glaze-1.jpg
201,mix fruit laccha rabri tortilla crunch,Mexican,veg,"milk, sugar, cardamom powder, saffron, almonds and pistachios, grapes, apple, kiwi, orange, pomegranate, mint leaves, tortilla sheet, oil",https://c.ndtvimg.com/2018-10/28sn1o1g_desserts_625x300_29_October_18.jpg
202,pista chocolate & mandarin,Dessert,veg,"Pistachios, milk, sugar, broken rice, green cardamom, white chocolate, milk, egg yolks, whipped cream, vanilla pod, mandarin, sugar, water",https://experiencelife.lifetime.life/wp-content/uploads/2023/10/Dec23_SSCocktailPartyImages.jpg
203,banana and chia tea cake,Dessert,veg,"Banana, Castor Sugar, Flour, Oil, Milk, Eggs, Baking Soda, Flax Seeds, Almond Flakes, Chia Seeds",https://www.ndtv.com/cooks/images/620_1.jpg
204,chocolate and almond rum ball,Dessert,veg,"Chocolate sponge eggless, dark chocolate, single cream, almonds, castor sugar, instant coffee powder, dark rum",https://d2uqlwridla7kt.cloudfront.net/recipe-media/recipe-9krz6za9q/fgil9l1whehof/Almond%20Rum%20Balls.jpg
205,lemon sushi cake,Dessert,veg,"Vanilla pre mix, gel, oil, water, egg yolks, lemon juice, sugar, butter, white chocolate, cooking cream, milk",https://recipes.timesofindia.com/thumb/72071295.cms?width=1200&height=900
206,chocolate doughnut,Dessert,veg,"Sugar, egg yolks, egg, butter, yeast, milk",https://oatslady.com/wp-content/uploads/2024/04/chocolate-donuts.webp
207,spiced almond banana jaggery cake,Dessert,veg,"Butter, cinnamon molasses powder, nutmeg (powdered), almonds, sugar, eggs, orange peel, banana, flour, baking soda, baking powder, salt, buttermilk, powdered cinnamon",https://www.almonds.in/sites/default/files/2020-08/Spiced%20almond%20banana%20jaggery%20cake%20IN%201240x827.jpg
208,fennel scented sweet banana fritters,Dessert,veg,"Wheat flour, banana, jaggery, milk or water, ghee or oil",https://c.ndtvimg.com/2019-11/ioo2uba8_bbq_625x300_13_November_19.jpg
209,camel milk cake tart,Dessert,veg,"Camel milk, sugar, vinegar, butter, brown sugar, maida, eggs",https://c.ndtvimg.com/2019-10/ski2p83o_milk-tart_625x300_24_October_19.jpg
210,quinoa coconut crumble custard,Dessert,veg,"Knoia (cooked), oats, cinnamon powder, salt, brown sugar or jaggery, nuts, coconut nuts, eggs, kinoia, coconut milk, maple syrup, vanilla extract, cinnamon powder, salt, honey",https://c.ndtvimg.com/2019-10/jq2ejac8_quinoa-crumble_625x300_22_October_19.jpg
211,lamb barley pot,Healthy Food,non-veg,"pot barley, onions, worcestershire sauce, chilli flakes, mustard seeds, thick mutton chunks, thick neck of lamb chops, water or stock (to cover), salt, black pepper (freshly ground)",https://ediblecommunities.com/wp-content/uploads/2019/03/irish-lamb-stew-1-900x617.jpg
212,al hachi chicken,Indian,non-veg,"shallow fried chicken, bottle gourd (boiled and sun dried), onion, garlic, whole spices:, green cardamom, black cardamom, cinnamon sticks, turmeric, deggi mirch, fennel seeds powder, dry ginger powder, coriander powder, salt, mustard oil, desi ghee",https://c.ndtvimg.com/2019-02/aajqtl_chicken-_625x300_19_February_19.jpg
213,berry parfait hazelnut white chocolate sable,Dessert,veg,"for berry parfait:, egg yolk, caster sugar, berry puree, cream cheese, double cream, for hazelnut streusel:, ground hazelnut, flour, caster sugar, butter, for hazelnut white chocolate pressed sable:, hazelnut streusel, cocoa butter, puffed rice, clarified butter, melted white chocolate, for flexy berry:, raspberry puree, sugar, liquid glucose, pectin",https://c.ndtvimg.com/2019-02/k1kur1m8_parfait_625x300_08_February_19.jpg
214,badam papite ke kebab with pineapple salsa,Indian,non-veg,"Raw papaya, raw potato, almonds, salt, asafoetida, turmeric, celery, coriander, ginger, green chillies, gram flour, green coriander, oil, pineapple, onion, green chillies, green coriander, lemon juice, salt, pepper",https://c.ndtvimg.com/05913ta_kebab_625x300_22_August_18.jpg
215,mixed vegetable soup,Healthy Food,veg,"Mix vegetable (tomatoes, carrots, peas and French beans), salt, cumin powder, oil, curry leaves",https://www.cookingclassy.com/wp-content/uploads/2014/10/vegetable-soup-7.jpg
216,duo of chocolate and strawberry,Dessert,veg,"dark chocolate, white chocolate, strawberries","https://brandsitesplatform-res.cloudinary.com/image/fetch/w_auto:100,c_scale,q_auto:eco,f_auto,fl_lossy,dpr_auto,e_sharpen:85/https://assets.brandplatform.generalmills.com%2F-%2Fmedia%2Fproject%2Fgmi%2Fhaagendazs%2Fhaagendazs-master%2Fbsp%2Fhd%2Fproduct-images%2Ftop-view-with-lid-off%2Fbelgian-chocolate-strawberry-crunch-pint-lid-on.png%3Frev%3Dbd5d4199bc324ff8b126f60f48e2d1ab"
217,mustard-parmesan whole roasted cauliflower,Healthy Food,veg,"cauliflowers, garlic, halved, olive oil , dijon mustard , kosher salt , freshly ground black pepper , fresh parsley leaves, parmesan , lemon wedges",https://food.fnr.sndimg.com/content/dam/images/food/fullset/2014/7/7/1/fn_whole-roasted-mustard-parm-cauliflower_s4x3.jpg.rend.hgtvcom.1280.1280.suffix/1404872016356.webp
218,hassel back sweet potatoes,Healthy Food,veg,"sweet potatoes, butter, brown sugar, pure vanilla extract, ground cinnamon, himalayan pink salt / rock salt",https://www.simplejoy.com/wp-content/uploads/2021/11/Hasselback-Sweet-Potatoes.jpg
219,mother christmas cake,Dessert,veg,"tart apples (2 large), sugar, apple juice, eggs, vegetable oil, vanilla extracts, all-purpose flour, apple pie spice (cinnamon), salt, pecans, candied red cherries (halved), candied green cherried (halved), candied pineapple (diced), cashews (optional)",https://i.ndtvimg.com/i/2017-12/mother-christmas-cake_620x350_81513339688.jpg
220,matcha tea macarons,Dessert,veg,"egg whites, breakfast sugar, icing sugar, almond powder, matcha powder, heavy cream, white chocolate",https://www.piesandtacos.com/wp-content/uploads/2018/03/matcha-macarons-5-1.jpg
221,"amaranthus granola with lemon yogurt, berries and marigold",Healthy Food,veg,"popped amaranthus (cholai), oats, almonds, cinnamon powder, sunflower seeds, sesame seeds, honey, brown sugar, salt, olive oil, lemon rind, plain yogurt (whipped with lemon rind), blueberries",https://www.covaipost.com/wp-content/uploads/2018/06/foo.jpg
222,chocolate fudge cookies,Dessert,veg,"dark chocolate coverture, butter, sugar, eggs, flour, baking powder, salt, cocoa powder, vanilla essence",https://sugarspunrun.com/wp-content/uploads/2022/02/Fudge-Cookies-1-of-1.jpg
223,veg summer rolls,Thai,veg,"rice paper sheets, iceberg lettuce, carrot, bean sprouts, cucumber, tofu, basil, mint leaves, coriander, rice noodles (soaked in warm water for 20-25 minutes), peanuts, hoisin sauce, peanuts, garlic, oil, red chillies, water",https://veggieanh.com/wp-content/uploads/2022/07/Vegan-Summer-Rolls-6.jpg
224,eggless vanilla cake,Dessert,veg,"maida, baking powder, castor sugar, butter, milk, vanilla essence, vinegar",https://cakesbymk.com/wp-content/uploads/2023/03/Template-Size-for-Blog-Photos-23.jpg
225,sweet potato pie,Dessert,veg,"yams (red skinned), condensed milk, sugar, egg , cinnamon , marshmallows ,","https://cdn.apartmenttherapy.info/image/upload/f_auto,q_auto:eco,c_fill,g_auto,w_1500,ar_3:2/k%2Farchive%2Fsweet-potato-pie-cropped"
226,wok tossed asparagus in mild garlic sauce,Healthy Food,veg,"asparagus, 1 fried onion (medium), 1/2 tsp breakfast sugar, 10 ml potato starch, 20 ml stock vegetarian, 20 gm porcini, salt to taste, 50 ml oil",https://www.ndtv.com/cooks/images/asparagus.jpg
227,cinnamon oatmeal pancakes,Healthy Food,veg,"rolled oats, buttermilk (divided), whole wheat flour or oat flour, baking powder, baking soda, cinnamon, salt, eggs, canola oil , honey or maple syrup,",https://www.twopeasandtheirpod.com/wp-content/uploads/2015/07/Cinnamon-Oatmeal-Pancakes-1.jpg
228,chocolate chip cheesecake,Dessert,veg,"butter biscuits (broken into pieces), butter (softened), cream cheese (softened), sugar, egg, rose essence or vanilla essence, chocolate chips",https://www.persnicketyplates.com/wp-content/uploads/2010/05/chocolate-chip-cheesecake-33-SQUARE.jpg
229,chocolate lava cake,Dessert,veg,"dark chocolate, butter, icing sugar, egg yolks + whole eggs, flour",https://www.melskitchencafe.com/wp-content/uploads/2023/01/updated-lava-cakes7.jpg
230,eggless coffee cupcakes,Dessert,veg,"maida/ flour, baking powder, sugar, cocoa powder, vanilla essence, butter (softened, salted. in case you are using unsalted butter, add 1/4 tsp salt), milk (to make the batter smooth. adjust the milk quantity according to your batter's smoothness), coffee powder + 1 tsp water, to make a paste (you can increase or decrease according to your coffee tolerance)",https://bakewithshivesh.com/wp-content/uploads/2023/05/Cold-coffee-cupcakes-1-scaled.jpg
231,chicken in white wine,Italian,non-veg,"black pepper, plain flour, olive or sunflower oil, rashers lean bacon, onions or shallots (cut in half), mushrooms, butter, boneless and skinless chicken breasts (chopped into 3cm pieces), dry white wine, chicken or vegetable stock, garlic cloves, bay leaves, fresh thyme sprigs (washed or 1/2 tsp dried thyme)",https://www.saltandlavender.com/wp-content/uploads/2019/02/creamy-white-wine-chicken-5.jpg
232,apple and walnut cake,Dessert,veg,"Apple, Eggs, Walnuts, Sugar, Walnuts, Oil, Flour, Baking Powder, Cinnamon Powder",https://www.allrecipes.com/thmb/v0w-ehqWZbGuCkOcwVt8NdMCtec=/1500x0/filters:no_upscale():max_bytes(150000):strip_icc()/19428-8cab6d5bdd3a413ba669ca75933a4631.jpg
233,gluten free almond cake,Healthy Food,veg,"Almond Powder, Egg, Honey, Baking Soda, Vanilla Essence, Salt, Honey, Almond",https://theloopywhisk.com/wp-content/uploads/2021/04/Almond-Cake_730px-featured.jpg
234,cinnamon star cookies,Dessert,veg,"Butter, Castor Sugar, Christmas Mix Spicy, Cinnamon Powder, Honey, Glucose, Cream, Poultry Flour, Baking Soda, Bread Flour",https://www.daringgourmet.com/wp-content/uploads/2016/11/Zimtsterne-Recipe-12.jpg
235,whole wheat cake,Healthy Food,veg,"Oven temperature, wheat flour, jaggery sugar, baking powder, oil, eggs, water, almond essence, walnuts",https://www.allrecipes.com/thmb/Ash1lqGC2Jh1N36Nq0MD5YwZgT4=/1500x0/filters:no_upscale():max_bytes(150000):strip_icc()/8040181-5e348b7935bc47a1babe8193333e978e.jpg
236,plum cake,Dessert,veg,"oven temp: 150 c-300 f, butter, sugar, eggs, almonds, vanilla essence, mixed fruits (sultanas, raisins, candied peels and cherries), refined flour,",https://redcurrantbakery.com/wp-content/uploads/2024/03/IMG_7779.jpg
237,double chocolate easter cookies,Dessert,veg,"Butter, Brown Sugar, Castor Sugar, Vanilla Essence, Dark Chocolate, Refined Flour, Cocoa Powder, Baking Soda, Salt, Milk, Cadbury Gems",https://thebusybaker.ca/wp-content/uploads/2019/04/spring-mm-chocolate-cookies-fb-ig-4.jpg
238,holi special malai kofta,Indian,veg,"potatoes, paneer (cottage cheese), maida, coriander leaves (chopped), onion, ginger-garlic paste, tomatoes, malai or cream, raisins and cashew nuts, cashew nuts paste, haldi, red chilli powder, kitchen king masala, kasuri methi (dry fenugreek), salt, sugar",https://i.ndtvimg.com/i/2018-02/paneer_620x330_81519709592.jpg
239,homemade gulab jamun,Dessert,veg,"sugar, water, milk, cardamom seeds, saffron, cardamom powder, khoya, baking soda, maida, milk",https://bakewithzoha.com/wp-content/uploads/2023/04/gulab-jamun-2-scaled.jpg
240,lamb rogan josh,French,non-veg,"lamb chops or stewing lamb, vegetable oil, cassia bark or cinnamon stick, bay leaves, green cardamoms, onions, garlic cloves, butter, turmeric, chilli powder, ground cumin, ground coriander, tomato puree, salt, garam masala, lemon juice",https://www.allrecipes.com/thmb/Fd6xzEJZWblLiR83vw_5Z20beaY=/1500x0/filters:no_upscale():max_bytes(150000):strip_icc()/ALR-7485811-lamb-rogan-josh-recipe-VAT-4x3-76fc73d4bdc0442d9876fdcd30c0d43c.jpg
241,fish curry,Thai,non-veg,"fresh sole fish, black pepper powder, lemon (juiced), onion, coriander seeds, black pepper, raw rice, garlic cloves, coconut, coriander leaves, ginger (large), cinnamon powder, clove powder, ground nut oil, tamarind paste, cooking oil, salt,",https://stewwithsaba.com/wp-content/uploads/2024/05/IMG_4409-edited.jpg
242,rice kheer,Indian,veg,"milk, rice (washed), sugar, raisins, green cardamoms, almonds (shredded)",https://www.cookwithmanali.com/wp-content/uploads/2017/06/Indian-Rice-Kheer.jpg
243,assorted rice kheer sushi,Japanese,veg,"basmati rice, milk, sugar, pistachio, almonds, green cardamoms(powdered), saffron, rose water, rose petals (dried), dark chocolate",https://i.ndtvimg.com/i/2017-10/sushi-desserts_620x330_71508135968.jpg
244,jalebi with fennel yogurt pudding,Dessert,veg,"all purpose flour, yogurt, oil, sugar, water, saffron, green cardamom, yogurt (strained), milk (warm), sugar, nutmeg, cardamom powder",https://i.ndtvimg.com/i/2017-10/jalebi-recipes_620x350_81508137633.jpg
245,broccoli souffle,Italian,veg,"broccoli, butter, extra virgin olive oil, all-purpose flour, low fat milk, salt, black pepper, cheddar cheese, eggs (separated), egg whites, cream of tarter",https://www.allrecipes.com/thmb/SNBiVo0dez2qepe-yZV984oGSug=/1500x0/filters:no_upscale():max_bytes(150000):strip_icc()/3029218-4836f6300cff4f82adb231a88fef39f4.jpg
246,christmas dry fruit cake,Dessert,veg,"butter (at room temperature), dark brown sugar, eggs, flour, salt, all spice powder, cinnamon, nutmeg, currants; golden raisins; dark raisins (each), soft dried figs, dates (pitted), prunes (stoned dried), apricots (dried), almonds (chopped), brandy, instant espresso (mixed with 1 tbsp water)",https://www.jocooks.com/wp-content/uploads/2019/12/christmas-fruitcake-1-13.jpg
247,microwave chicken steak,Healthy Food,non-veg,"chicken breasts (boneless), eggs (slightly whisked), ginger paste, garlic paste, onions, coriander leaves, green chillies, black pepper powder, flour, vinegar, salt, oil",https://www.yourhomebasedmom.com/wp-content/uploads/2019/05/how-to-microwave-chicken-recipe.jpg
248,cheese and ham roll,Snack,veg,"hung curd, butter, cream, ground pimento, lemon juice, vodka, salt and pepper, asparagus spears(cooked), ham, pineapple slices",https://www.adventuresofanurse.com/wp-content/uploads/2024/11/Ham-and-Cheese-Roll-ups-720x540.jpg
249,vegetable manchurian,Chinese,veg,"mixed vegetables - chopped fine or grated, eggs (slightly beaten), refined flour, garlic paste, ginger paste, water, oil , garlic , onions , capsicum, cornflour (blended with water), vinegar, salt, soya sauce, tomato puree, celery, ajinomoto (optional), water",https://www.indianhealthyrecipes.com/wp-content/uploads/2021/07/veg-manchurian.jpg
250,jerk chicken,Indian,non-veg,"chicken legs, lime (halved), jerk seasoning powder (bottled), jerk seasoning paste (bottled), olive oil","https://cdn.apartmenttherapy.info/image/upload/f_jpg,q_auto:eco,c_fill,g_auto,w_1500,ar_1:1/k%2FPhoto%2FRecipes%2F2024-07-jerk-chicken%2Fjerk-chicken-439"
251,lemon poppy seed cake,Dessert,veg,"Flour, Baking Powder, Salt, Castor Sugar, Baking Soda, Eggs, Butter, Vanilla Essence, Lemon Juice, Poppy, Lemon Peel, Lemon Syrup, Wiped Cream, Fresh Berry",https://cakesbymk.com/wp-content/uploads/2025/02/Template-Size-for-Blog-32.jpg
252,steam bunny chicken bao,Japanese,non-veg,"Buns, Flour, Dry Yeast, Sugar, Salt, Hot Water, Chicken Mince, Eggs, Soy Sauce, Sugar, Sesame Oil, Worcestershire Sauce, Chives, Aromat Powder",https://c.ndtvimg.com/2019-04/g2d92opo_chicken-bao_625x300_18_April_19.jpg
253,double chocolate easter cookies,Dessert,veg,"Butter, Brown Sugar, Castor Sugar, Vanilla Essence, Dark Chocolate, Refined Flour, Cocoa Powder, Baking Soda, Salt, Milk, Cadbury Gems",https://thebusybaker.ca/wp-content/uploads/2019/04/spring-mm-chocolate-cookies-fb-ig-4.jpg
254,orange quinoa sevaiyan,Healthy Food,veg,"sevaiyan, quinoa, orange juice , dried figs, sugar, almond milk, desi ghee, jaggery, walnuts, melon seeds, peanuts",https://c.ndtvimg.com/seviyan_625x300_1527573966193.jpg
255,spicy creamy kadai chicken,Indian,non-veg,"chicken, ginger-garlic paste, pepper powder, lime juice, oil, salt, tomatoes, green chillies, ginger-garlic paste, chilli powder, black cardamoms, cloves, water, onion, ginger, green chillies, chilli powder, turmeric powder, garam masala, kasturi methi, cream",https://c.ndtvimg.com/2021-07/3q2kd9h_chicken-curry_625x300_08_July_21.jpg
256,apple kheer,Dessert,veg,"apples, basmati rice, nuscovado sugar (you can also use normal sugar), cashew nuts and almonds, cassia bark or cinnamon stick, red grapes",https://hebbarskitchen.com/wp-content/uploads/2019/10/apple-kheer-recipe-apple-ki-kheer-seb-ki-kheer-apple-payasam-1.jpeg
257,ragi oats ladoo (laddu),Dessert,veg,"ragi flour, oats flour, dates (ripe), milk, honey, ghee, green cardamom powder, white sesame seeds, coconut powder, cashew nuts",https://blogger.googleusercontent.com/img/b/R29vZ2xl/AVvXsEjUyXg3Hoj7du0TdhNZmVurWemel624K7u16vvntEwiKFzXF4mRkKwy6wOJOKC8NIYqIGXwLWyTlKdMg7cT8HbLqwb03MCR8YooM6Q0pk3xMQY-6t70gKJNi_xT_4pNFzTBlzXba5hYhZd0/s1600/Ragi+Malt2.JPG
258,lamb korma,Indian,non-veg,"onions, almond paste, ghee, cinnamon sticks, green cardamom, cloves, mace, bay leaves, garlic paste, ginger paste, lamb, salt, rose water (infused with 4-5 strands of saffron), yellow chilli powder, yogurt, yellow chilli powder, black pepper powder, coriander seed powder, cumin powder, red chilli powder, turmeric powder, clove powder, green cardamom powder, rose petal powder, nutmeg powder, black cardamom powder, fennel powder, cinnamon powder, mace powder, onions, cream/malai",https://www.recipetineats.com/tachyon/2024/05/Lamb-korma_main.jpg
259,ragi coconut ladoo (laddu),Dessert,veg,"finger millet flour (ragi), jaggery, peanuts, coconut, salt",https://i.ytimg.com/vi/Ew1TUM9Dw40/sddefault.jpg
260,quick chicken curry,Indian,non-veg,"Chicken, onion paste, tomato, garlic paste, ginger paste, coriander powder, cumin powder, turmeric powder, red chilli powder, garam masala powder, oil, salt, green coriander",https://craveitall.com/wp-content/uploads/2020/06/Easy-Chicken-Curry-RECIPE-5.jpg
261,chicken shaami kebab,Indian,non-veg,"Chana Dal, Chicken Thai, Salt, Whole Red Chillies, Cumin, Whole Coriander, Cloves, Pepper Whole, Cinnamon Stick, Celery, Eggs, Green Coriander, Mint, Green Chillies, Ginger, Garlic Buds, Oil",https://i0.wp.com/www.shanazrafiq.com/wp-content/uploads/2013/03/Chicken-Shami-Kabab.jpg?fit=1200%2C798&ssl=1
262,chicken masala,Indian,non-veg,"Chicken, ginger, garlic, onion, tomato, garam masala, bay leaves, salt, turmeric, coriander powder, red chilli powder, oil, green coriander, cream",https://www.whiskaffair.com/wp-content/uploads/2021/01/Chicken-Masala-2-3-1.jpg
263,holi special bhang pakode,Indian,veg,"besan, potato, fresh bhang leaves, spinach, bhang seed powder, ajwain, fresh green chilly , salt, tamarind paste, red chilly powder, mustard seeds, whole red chilli, soda",https://i.ndtvimg.com/i/2018-02/pakode_620x350_41519301752.jpg
264,kuttu atta pizza,Italian,veg,"kuttu atta, salt, sugar, yeast, mozzarella cheese fresh, tomato, basil, cottage cheese, green chillies, olive oil, salt, black pepper (crushed), oregano",https://i.ndtvimg.com/i/2018-03/pizza_620x350_81521450651.jpg
265,arbi kofta with mint yogurt dip,Snack,veg,"arbi/colocasia roots, water chestnut flour (kuttu ka aata), green chili, ginger, carom seeds, rock salt, oil, mint, curd, cucumber, pomegranate",https://blogs.morphyrichardsindia.com/media/1643/arbikofta-navaratri-mr.jpg
266,puffed rice squares,Snack,veg,"puffed rice, nuts, honey, jaggery, butter, kewda to flavor, cardamom powder",https://busybuthealthy.com/wp-content/uploads/2014/05/Puffed-Rice-Squares_main2.jpg
267,red velvet banana pudding,Dessert,veg,"one can of sweetened condensed milk, ice cold water, instant vanilla pudding mix, cream cheese (softened and cut into 8 pieces), heavy cream, one 9 x 13 inch layer of red velvet cakcake, ripe bananas, mini chocolate chips, sugar, cocoa, cake flour, baking soda, salt, butter (room temp cut into 1 inch pieces), eggs, milk, sour cream, cider vinegar, vanilla extract, red food coloring, all-purpose flour, milk, unsalted butter (room temperature), sugar, vanilla extract",https://infinetaste.com/wp-content/uploads/2023/01/red-velvet-banana-pudding-featured-image.jpg
268,baked wild berry cheesecake,Dessert,veg,"butter, digestive biscuits, berries, cream cheese, castor sugar, vanilla extract, egg (lightly beaten), icing sugar",https://www.giallozafferano.com/images/255-25530/Wild-berry-cheesecake_1200x800.jpg
269,spiced orange valencia cake,Dessert,veg,"egg whites, egg white powder, sugar, almond powder, hazelnut powder, sugar, hazelnut (toasted)",https://c.ndtvimg.com/2018-11/rmkmg33g_orange-valencia-cake_625x300_23_November_18.jpg
270,jalapeno cheese fingers,Mexican,veg,"yellow cornmeal, sugar, baking soda, salt, buttermilk (well-shaken), egg, cheddar (extra sharp), scallion (white and pale green parts only), pickled jalapenos (drained), unsalted butter,",https://www.pepperbowl.com/wp-content/uploads/2023/09/jalapeno-cheese-stick-recipe.jpg
271,californian breakfast benedict,Snack,veg,"brioche loaf, avocado paste, eggs, tomato, spinach, nutmeg powder, phyllo pastry sheet, assorted seasonal fruits, hollandaise sauce",http://www.thecurvycarrot.com/wp-content/uploads/2012/03/IMG_3398.jpg
272,chocolate marquise,Dessert,veg,"dark chocolate (melted), castor sugar, egg yolk, egg, cocoa powder, coffee, cream, berries, dark chocolate, fresh cream",https://img.delicious.com.au/9-vtHifl/del/2015/10/chocolate-marquise-11658-1.jpg
273,corn & jalapeno poppers,Mexican,veg,"fresh corn kernels, corn flour, whole egg, cheddar cheese, jalapeno poppers, smoked paprika, coriander (toasted & ground), green onions, fresh cilantro, lemon (zest and juice), cooking oil",https://eatlikeerin.com/wp-content/uploads/2024/05/IMG_0484.jpeg
274,banana phirni tartlets with fresh strawberries,Snack,veg,"basmati rice (soaked in water), milk, cardamom powder, milk, saffron, sugar, banana, fresh strawberries, plain flour, butter (chilled), castor sugar, egg yolk, chilled water",https://i.ndtvimg.com/i/2018-04/tartlets_620x350_61522662341.jpg
275,mexican pizza,Mexican,veg,"Dough tortia, refried beans, bell paper, spring onion, lettuce, mozzarella cheese, orange cheddar cheese, chitpole dressing, for pico de chelo, tomato, onion, lemon juice, salt, green chilli, coriander, black beans (boiled ), Tomato, onion, vine paper, vegetable oil",https://www.chilipeppermadness.com/wp-content/uploads/2025/03/Mexican-Pizza-Recipe-SQ-2025.jpg
276,apple and pear cake,Healthy Food,veg,"Core, Chopped and Sliced ??Apple, Core, Chopped and Sliced ??Pears, Castor Sugar, Vanilla Essence, Sunflower Oil, Eggs, Flour, Milk, Baking Powder, Milk, Cinnamon Stick, Egg yolks, Castor Sugar",https://www.reluctantgourmet.com/wp-content/uploads/2008/02/apple-pear-cake-d3-480x270.jpeg
277,microwave chocolate cake,Dessert,veg,"Flour, castor or powdered sugar, oil, butter or margarine, cocoa powder, water, vanilla essence, baking soda, baking powder, salt, egg",https://tastesbetterfromscratch.com/wp-content/uploads/2022/12/Chocolate-Mug-Cake-1.jpg
278,white chocolate and lemon pastry,Dessert,veg,"White chocolate, fresh cream, VIP cream, vanilla bean, vanilla extract, cream cheese, gelatin, lemon, egg yolks, butter, castor sugar",https://twosugarbugs.com/wp-content/uploads/2022/06/lemon-white-chocolate-cake-FI-735x735.jpg
279,mixed beans salad,Healthy Food,veg,"mixed boiled beans (choose from rajma, chawli, chick peas, hara chana), spring onions, tomatoes (diced), oil, lemon juice, basil, garlic, salt and pepper, for garnish:, coriander",https://www.oliveandmango.com/images/uploads/2022_07_02_mixed_bean_salad_2.jpg
280,baked raw banana samosa,Snack,veg,"onion, ginger, curry powder, fresh coriander, green chilli, raw banana paste, refined oil, mustard seeds, phyllo sheets, salt",https://c.ndtvimg.com/raw-banana-samosa_625x300_1530164135226.jpg
281,coconut mango oatmeal with cinnamon hint,Healthy Food,veg,"coconut (tender), coconut milk, oats, ripe mango (diced), castor sugar, dry fruits, honey, cardamom powder",https://i.ndtvimg.com/i/2018-04/oatmeal_620x330_51522661118.jpg
282,fruit cube salad,Healthy Food,veg,"watermelon, cantaloupe, kiwifruiit, pineapple, marshmallow, mint leaf (crushed nuts, sesame seeds or cinnamon)",https://i.ytimg.com/vi/zTTd1K3A7Fo/hq720.jpg?sqp=-oaymwEhCK4FEIIDSFryq4qpAxMIARUAAAAAGAElAADIQj0AgKJD&rs=AOn4CLAXT8HSQUhnq7GiHFp_O-uEYaqLvQ
283,veg hakka noodles,Chinese,veg,"noodles, salt, oil, garlic paste, ginger paste, beans, cabbage, carrot, spring onion, capsicum, soy sauce, green chilli sauce, tomato sauce",https://thechutneylife.com/wp-content/uploads/2017/09/TYFNgSGl-scaled.jpeg
284,284,Healthy Food,veg,"quinoa, milk, olive oil, egg (slightly beaten), baking powder, orange essence, castor sugar, maple syrup, strawberries (to garnish)",https://i.ndtvimg.com/i/2018-02/pancakes_620x350_81518173553.jpg
285,spinach & banana pancakes,Healthy Food,veg,"Rolled Oats, Milk, Spinach, Banana, Egg, Cinnamon Powder, Vanilla Extract, Baking Powder",https://www.yummytoddlerfood.com/wp-content/uploads/2022/02/banana-spinach-pancakes-on-white-plate-with-fruit.jpg
286,french onion grilled cheese,French,veg,"Brown slice bread, onion, oil, emmental cheese",https://static01.nyt.com/images/2019/03/18/dining/as-french-onion-grilled-cheese-2-copy/as-french-onion-grilled-cheese-2-square640.jpg
287,pasta in cheese sauce,Italian,veg,"Milk, Flour, Butter, Pepper Powder, Nutmeg, Cheese, Pasta (of your choice)",https://littlesunnykitchen.com/wp-content/uploads/2021/11/Cream-Cheese-Pasta-Sauce-1.jpg
288,deviled scotch egg,French,non-veg,"Lamb Keema, Rosemary, Thyme, Eggs (hard boiled peel), Flour, Eggs (Lightly Whipped), Panco, Peanut Oil, Salt, Pepper, Mayonnaise, Apple Cedar Vinegar, English Mustard, Salt, Pepper, Paprika and Olive Powder",https://i.ytimg.com/vi/MympoWyvb98/maxresdefault.jpg
289,amritsari fish,Indian,non-veg,"fish with curry, ginger and garlic",https://i0.wp.com/www.happyandharried.com/wp-content/uploads/2016/02/Spicy-And-Tangy-Amritsari-Fish.jpg
290,butter chicken,Indian,non-veg,mughalai delecacy,https://www.samaheats.com/wp-content/uploads/2024/03/Untitled-design-15.png
291,chicken razala,Indian,non-veg,chicken cooked in a rich gravy with mint,https://myfoodstory.com/wp-content/uploads/2024/04/Chicken-Rezala-6.jpg
292,chicken tikka,Indian,non-veg,served on a skewer,"https://images.immediate.co.uk/production/volatile/sites/30/2022/08/Chicken-Tikka-99647a6.jpg?quality=90&resize=556,505"
293,chicken tikka masala,Indian,non-veg,chicken roasted in a yogurt tomato sauce. creamy texture.,https://www.seriouseats.com/thmb/DbQHUK2yNCALBnZE-H1M2AKLkok=/1500x0/filters:no_upscale():max_bytes(150000):strip_icc()/chicken-tikka-masala-for-the-grill-recipe-hero-2_1-cb493f49e30140efbffec162d5f2d1d7.JPG
294,mushroom matar,Indian,veg,mushroom and peas in a masala/chili sauce,https://shwetainthekitchen.com/wp-content/uploads/2023/03/mutter-mushroom.jpg
295,tandoori chicken,Indian,non-veg,as a dish originated in the punjab before the independence of india and pakistan.,https://static01.nyt.com/images/2024/05/16/multimedia/fs-tandoori-chicken-hmjq/fs-tandoori-chicken-hmjq-videoSixteenByNineJumbo1600.jpg
296,tandoori fish tikka,Indian,non-veg,chickenn lime and ginger and cooked over an open fire.,https://maunikagowardhan.co.uk/wp-content/uploads/2014/07/Tandoori-Fish-Tikka-scaled.jpg
297,chettinadu chicken,Indian,non-veg,chicken and spices,https://www.whiskaffair.com/wp-content/uploads/2020/09/Chicken-Chettinad-Curry-2-3.jpg
298,chicken 65,Chinese,non-veg,"ed chicken preparation. chicken, onion, ginger",https://www.indianhealthyrecipes.com/wp-content/uploads/2022/03/chicken-65-restaurant-style.jpg
299,kolim / jawla,Indian,veg,dried fish named kolim or jawla found in coastal maharashtra with onion and spices. usually eaten with bhakri or chapati,https://i.ytimg.com/vi/-jcgJVEjaCo/maxresdefault.jpg
300,black rice,Healthy Food,veg,riety of rice,https://instafreshmeals.com/wp-content/uploads/2024/05/SQUARE-Black-Rice--scaled.jpg
301,brown rice,Healthy Food,veg,riety of rice.,https://m.media-amazon.com/images/I/61eSSpEkpML._AC_.jpg
302,koldil chicken,Chinese,non-veg,made with banana flower; an assamese specialty,https://encrypted-tbn0.gstatic.com/images?q=tbn:ANd9GcThfGl8bBvGw04TUfprGLHz_0IXvgoayjAsPw&s
303,red rice,Healthy Food,veg,riety of rice.,https://static.toiimg.com/thumb/65021059.cms?width=1200&height=900
304,rice,Indian,veg,boiled rice,https://static01.nyt.com/images/2018/02/21/dining/00RICEGUIDE8/00RICEGUIDE8-jumbo.jpg
305,sunga pork,Japanese,veg,curry,https://dynamic-media-cdn.tripadvisor.com/media/photo-o/11/65/6a/d8/chop-and-serve.jpg?w=900&h=500&s=1
306,banana chips,Snack,veg,"dried slices of bananas (fruits of herbaceous plants of the genus musa of the soft, sweet ""dessert banana"" variety), they can be covered with sugar or honey and have a sweet taste, or they can be fried in oil and spices and have a salty and/or spicy taste.[2]",https://www.agarwalbhavansweets.com/cdn/shop/files/Banana_Chips.png?v=1711620702
307,bhurji- egg,Indian,non-veg,"made using indian spices, onion, tomatoes, green chilli, and had with bread, or parathas.",https://pipingpotcurry.com/wp-content/uploads/2023/04/Egg-Bhurji-Recipe-Piping-Pot-Curry.jpg
308,flattened rice / poha,Indian,veg,"dehusked rice which is flattened into flat light dry flakes, these flakes of rice swell when added to liquid, whether hot or cold, as they absorb water, milk, or any other liquids. the thicknesses of these flakes vary between almost translucently thin (the more expensive varieties) to nearly four times thicker than a normal rice grain.",https://delishably.com/.image/t_share/MTc0NDI5MDY2MTc3NjE5NTkw/flattened-rice-recipe-poha.jpg
309,puffed rice,Snack,veg,"grain made from rice; usually made by heating rice kernels under high pressure in the presence of steam, though the method of manufacture varies widely. pori (puffed rice) has been mentioned in various tamil literatures as an offering to hindu deities. offerings of pori and jaggery made to vinayagar (lord ganesh) are mentioned in the tiruppugazh, a 15th-century anthology of tamil religious songs, written by tamil poet arunagirinathar. pori is offered to hindu gods and goddesses in all poojas in the south indian states of kerala and tamil nadu.",https://www.indianhealthyrecipes.com/wp-content/uploads/2022/09/churumuri-puffed-rice-snack-recipe.jpg